County,State,FIPS Code,Formatted FIPS,Estimated percent of adults reporting to eat less than one servi
Autauga,AL,1001,01001,17.3
Baldwin,AL,1003,01003,16.1
Barbour,AL,1005,01005,19.2
Bibb,AL,1007,01007,17.6
Blount,AL,1009,01009,16
Bullock,AL,1011,01011,21.7
Butler,AL,1013,01013,19.2
Calhoun,AL,1015,01015,17.4
Chambers,AL,1017,01017,18.9
Cherokee,AL,1019,01019,15.6
Chilton,AL,1021,01021,17.1
Choctaw,AL,1023,01023,19.5
Clarke,AL,1025,01025,19.5
Clay,AL,1027,01027,16.6
Cleburne,AL,1029,01029,15.7
Coffee,AL,1031,01031,17.3
Colbert,AL,1033,01033,16.2
Conecuh,AL,1035,01035,19.6
Coosa,AL,1037,01037,18.4
Covington,AL,1039,01039,16.6
Crenshaw,AL,1041,01041,17.7
Cullman,AL,1043,01043,15.6
Dale,AL,1045,01045,17.5
Dallas,AL,1047,01047,20.8
DeKalb,AL,1049,01049,16
Elmore,AL,1051,01051,17.6
Escambia,AL,1053,01053,19.1
Etowah,AL,1055,01055,16.3
Fayette,AL,1057,01057,16.4
Franklin,AL,1059,01059,16.4
Geneva,AL,1061,01061,16.4
Greene,AL,1063,01063,22
Hale,AL,1065,01065,20
Henry,AL,1067,01067,17.8
Houston,AL,1069,01069,17.8
Jackson,AL,1071,01071,15.5
Jefferson,AL,1073,01073,17.3
Lamar,AL,1075,01075,16.2
Lauderdale,AL,1077,01077,16
Lawrence,AL,1079,01079,16.9
Lee,AL,1081,01081,18.2
Limestone,AL,1083,01083,16.9
Lowndes,AL,1085,01085,21.6
Macon,AL,1087,01087,22
Madison,AL,1089,01089,17.1
Marengo,AL,1091,01091,19.6
Marion,AL,1093,01093,15.7
Marshall,AL,1095,01095,15.9
Mobile,AL,1097,01097,17.8
Monroe,AL,1099,01099,19.4
Montgomery,AL,1101,01101,20.5
Morgan,AL,1103,01103,16.9
Perry,AL,1105,01105,21.1
Pickens,AL,1107,01107,18.5
Pike,AL,1109,01109,18.6
Randolph,AL,1111,01111,17
Russell,AL,1113,01113,18.4
St. Clair,AL,1115,01115,16.5
Shelby,AL,1117,01117,16.5
Sumter,AL,1119,01119,21.9
Talladega,AL,1121,01121,17.8
Tallapoosa,AL,1123,01123,17.8
Tuscaloosa,AL,1125,01125,18.3
Walker,AL,1127,01127,15.8
Washington,AL,1129,01129,18.3
Wilcox,AL,1131,01131,22.1
Winston,AL,1133,01133,15.6
Aleutians East,AK,2013,02013,19.5
Aleutians West,AK,2016,02016,18.5
Anchorage,AK,2020,02020,15.2
Bethel,AK,2050,02050,20.8
Bristol Bay,AK,2060,02060,17.1
Denali,AK,2068,02068,14.5
Dillingham,AK,2070,02070,20
Fairbanks North Star,AK,2090,02090,15.7
Haines,AK,2100,02100,14.5
Hoonah-Angoon,AK,2105,02105,17.4
Juneau,AK,2110,02110,15.8
Kenai Peninsula,AK,2122,02122,15.1
Ketchikan Gateway,AK,2130,02130,15.2
Kodiak Island,AK,2150,02150,16.3
Lake and Peninsula,AK,2164,02164,19.7
Matanuska-Susitna,AK,2170,02170,15.1
Nome,AK,2180,02180,20.3
North Slope,AK,2185,02185,19.2
Northwest Arctic,AK,2188,02188,21
Petersburg,AK,2195,02195,15.7
Prince of Wales-Hyder,AK,2198,02198,17.3
Sitka,AK,2220,02220,15.9
Skagway,AK,2230,02230,14.3
Southeast Fairbanks,AK,2240,02240,15.4
Valdez-Cordova,AK,2261,02261,15.5
Wade Hampton,AK,2270,02270,22.1
Wrangell,AK,2275,02275,15.4
Yakutat,AK,2282,02282,17.4
Yukon-Koyukuk,AK,2290,02290,19.8
Apache,AZ,4001,04001,22.6
Cochise,AZ,4003,04003,18.7
Coconino,AZ,4005,04005,20.2
Gila,AZ,4007,04007,18.3
Graham,AZ,4009,04009,20.5
Greenlee,AZ,4011,04011,20.1
La Paz,AZ,4012,04012,18.3
Maricopa,AZ,4013,04013,18.1
Mohave,AZ,4015,04015,17.5
Navajo,AZ,4017,04017,20.2
Pima,AZ,4019,04019,17.8
Pinal,AZ,4021,04021,18.6
Santa Cruz,AZ,4023,04023,21.4
Yavapai,AZ,4025,04025,16.9
Yuma,AZ,4027,04027,20.5
Arkansas,AR,5001,05001,20.2
Ashley,AR,5003,05003,21
Baxter,AR,5005,05005,16.8
Benton,AR,5007,05007,18.7
Boone,AR,5009,05009,17.2
Bradley,AR,5011,05011,21.9
Calhoun,AR,5013,05013,20
Carroll,AR,5015,05015,18.1
Chicot,AR,5017,05017,23.8
Clark,AR,5019,05019,20.4
Clay,AR,5021,05021,17.5
Cleburne,AR,5023,05023,17.6
Cleveland,AR,5025,05025,19.3
Columbia,AR,5027,05027,21.3
Conway,AR,5029,05029,19.4
Craighead,AR,5031,05031,19.5
Crawford,AR,5033,05033,18.2
Crittenden,AR,5035,05035,22.5
Cross,AR,5037,05037,20
Dallas,AR,5039,05039,21.7
Desha,AR,5041,05041,23.1
Drew,AR,5043,05043,21.5
Faulkner,AR,5045,05045,20
Franklin,AR,5047,05047,17.6
Fulton,AR,5049,05049,17.4
Garland,AR,5051,05051,18.1
Grant,AR,5053,05053,17.8
Greene,AR,5055,05055,17.6
Hempstead,AR,5057,05057,20.9
Hot Spring,AR,5059,05059,18.9
Howard,AR,5061,05061,19.9
Independence,AR,5063,05063,18
Izard,AR,5065,05065,17.8
Jackson,AR,5067,05067,19.9
Jefferson,AR,5069,05069,23
Johnson,AR,5071,05071,19.2
Lafayette,AR,5073,05073,21
Lawrence,AR,5075,05075,17.7
Lee,AR,5077,05077,24.1
Lincoln,AR,5079,05079,22.6
Little River,AR,5081,05081,19.7
Logan,AR,5083,05083,17.8
Lonoke,AR,5085,05085,18.7
Madison,AR,5087,05087,17.7
Marion,AR,5089,05089,17.2
Miller,AR,5091,05091,20.4
Mississippi,AR,5093,05093,21.1
Monroe,AR,5095,05095,21.7
Montgomery,AR,5097,05097,17.6
Nevada,AR,5099,05099,20.5
Newton,AR,5101,05101,17.3
Ouachita,AR,5103,05103,21.1
Perry,AR,5105,05105,18.2
Phillips,AR,5107,05107,23.5
Pike,AR,5109,05109,18.6
Poinsett,AR,5111,05111,18.5
Polk,AR,5113,05113,17.7
Pope,AR,5115,05115,19
Prairie,AR,5117,05117,19
Pulaski,AR,5119,05119,21.2
Randolph,AR,5121,05121,17.7
St. Francis,AR,5123,05123,23.4
Saline,AR,5125,05125,18.1
Scott,AR,5127,05127,18.1
Searcy,AR,5129,05129,17.3
Sebastian,AR,5131,05131,19.5
Sevier,AR,5133,05133,20.1
Sharp,AR,5135,05135,17.5
Stone,AR,5137,05137,17.5
Union,AR,5139,05139,20.6
Van Buren,AR,5141,05141,17.7
Washington,AR,5143,05143,20
White,AR,5145,05145,18.8
Woodruff,AR,5147,05147,20.5
Yell,AR,5149,05149,19.2
Alameda,CA,6001,06001,17.9
Alpine,CA,6003,06003,17.5
Amador,CA,6005,06005,17.1
Butte,CA,6007,06007,16.7
Calaveras,CA,6009,06009,16.4
Colusa,CA,6011,06011,20.4
Contra Costa,CA,6013,06013,17.3
Del Norte,CA,6015,06015,18.4
El Dorado,CA,6017,06017,16.7
Fresno,CA,6019,06019,19.4
Glenn,CA,6021,06021,19.3
Humboldt,CA,6023,06023,17.6
Imperial,CA,6025,06025,22.1
Inyo,CA,6027,06027,17.3
Kern,CA,6029,06029,19.9
Kings,CA,6031,06031,21.5
Lake,CA,6033,06033,16.9
Lassen,CA,6035,06035,19.4
Los Angeles,CA,6037,06037,19.4
Madera,CA,6039,06039,20.6
Marin,CA,6041,06041,15
Mariposa,CA,6043,06043,16.6
Mendocino,CA,6045,06045,17.3
Merced,CA,6047,06047,20.1
Modoc,CA,6049,06049,16.8
Mono,CA,6051,06051,18.1
Monterey,CA,6053,06053,20
Napa,CA,6055,06055,17.7
Nevada,CA,6057,06057,16
Orange,CA,6059,06059,17.2
Placer,CA,6061,06061,14.9
Plumas,CA,6063,06063,16.5
Riverside,CA,6065,06065,19.1
Sacramento,CA,6067,06067,18
San Benito,CA,6069,06069,19.7
San Bernardino,CA,6071,06071,19.8
San Diego,CA,6073,06073,17.3
San Francisco,CA,6075,06075,16.1
San Joaquin,CA,6077,06077,20
San Luis Obispo,CA,6079,06079,16.2
San Mateo,CA,6081,06081,16.4
Santa Barbara,CA,6083,06083,18.8
Santa Clara,CA,6085,06085,16.6
Santa Cruz,CA,6087,06087,16.5
Shasta,CA,6089,06089,16.6
Sierra,CA,6091,06091,16.1
Siskiyou,CA,6093,06093,16.8
Solano,CA,6095,06095,18.2
Sonoma,CA,6097,06097,16.5
Stanislaus,CA,6099,06099,18.8
Sutter,CA,6101,06101,18.3
Tehama,CA,6103,06103,17.7
Trinity,CA,6105,06105,17.1
Tulare,CA,6107,06107,20.1
Tuolumne,CA,6109,06109,16.7
Ventura,CA,6111,06111,18.1
Yolo,CA,6113,06113,18.5
Yuba,CA,6115,06115,17.8
Adams,CO,8001,08001,21.5
Alamosa,CO,8003,08003,22.9
Arapahoe,CO,8005,08005,19
Archuleta,CO,8007,08007,19.5
Baca,CO,8009,08009,19.5
Bent,CO,8011,08011,23.1
Boulder,CO,8013,08013,18.5
Broomfield,CO,8014,08014,17.2
Chaffee,CO,8015,08015,20
Cheyenne,CO,8017,08017,19.1
Clear Creek,CO,8019,08019,17.5
Conejos,CO,8021,08021,23.1
Costilla,CO,8023,08023,23.1
Crowley,CO,8025,08025,23.9
Custer,CO,8027,08027,19
Delta,CO,8029,08029,17.8
Denver,CO,8031,08031,20.1
Dolores,CO,8033,08033,18.8
Douglas,CO,8035,08035,15.5
Eagle,CO,8037,08037,21.2
Elbert,CO,8039,08039,16.3
El Paso,CO,8041,08041,18.5
Fremont,CO,8043,08043,20.7
Garfield,CO,8045,08045,21.3
Gilpin,CO,8047,08047,17.6
Grand,CO,8049,08049,19.7
Gunnison,CO,8051,08051,20.3
Hinsdale,CO,8053,08053,18.8
Huerfano,CO,8055,08055,20.8
Jackson,CO,8057,08057,19.6
Jefferson,CO,8059,08059,17.5
Kiowa,CO,8061,08061,18.5
Kit Carson,CO,8063,08063,20.8
Lake,CO,8065,08065,21.8
La Plata,CO,8067,08067,19.8
Larimer,CO,8069,08069,18
Las Animas,CO,8071,08071,22.1
Lincoln,CO,8073,08073,20.9
Logan,CO,8075,08075,20.7
Mesa,CO,8077,08077,18.6
Mineral,CO,8079,08079,19
Moffat,CO,8081,08081,20.3
Montezuma,CO,8083,08083,19.8
Montrose,CO,8085,08085,17.8
Morgan,CO,8087,08087,20.9
Otero,CO,8089,08089,21.6
Ouray,CO,8091,08091,16.8
Park,CO,8093,08093,19.2
Phillips,CO,8095,08095,19.6
Pitkin,CO,8097,08097,19.7
Prowers,CO,8099,08099,21.4
Pueblo,CO,8101,08101,21.9
Rio Blanco,CO,8103,08103,20.1
Rio Grande,CO,8105,08105,21.8
Routt,CO,8107,08107,20
Saguache,CO,8109,08109,21.8
San Juan,CO,8111,08111,19.4
San Miguel,CO,8113,08113,18
Sedgwick,CO,8115,08115,19.1
Summit,CO,8117,08117,20.3
Teller,CO,8119,08119,16.4
Washington,CO,8121,08121,19.1
Weld,CO,8123,08123,20.4
Yuma,CO,8125,08125,20
Fairfield,CT,9001,09001,15.6
Hartford,CT,9003,09003,15.2
Litchfield,CT,9005,09005,14.7
Middlesex,CT,9007,09007,15.4
New Haven,CT,9009,09009,15.4
New London,CT,9011,09011,15.6
Tolland,CT,9013,09013,15.8
Windham,CT,9015,09015,15.2
Kent,DE,10001,10001,16.3
New Castle,DE,10003,10003,15.3
Sussex,DE,10005,10005,14.9
District of Columbia,DC,11001,11001,12.7
Alachua,FL,12001,12001,16.4
Baker,FL,12003,12003,16.4
Bay,FL,12005,12005,15.8
Bradford,FL,12007,12007,17.7
Brevard,FL,12009,12009,14.5
Broward,FL,12011,12011,16.5
Calhoun,FL,12013,12013,17.8
Charlotte,FL,12015,12015,14.4
Citrus,FL,12017,12017,13.5
Clay,FL,12019,12019,15.9
Collier,FL,12021,12021,15.3
Columbia,FL,12023,12023,16.7
DeSoto,FL,12027,12027,18.6
Dixie,FL,12029,12029,16.1
Duval,FL,12031,12031,16.2
Escambia,FL,12033,12033,15.1
Flagler,FL,12035,12035,15.6
Franklin,FL,12037,12037,18
Gadsden,FL,12039,12039,20.8
Gilchrist,FL,12041,12041,16
Glades,FL,12043,12043,19.3
Gulf,FL,12045,12045,18.6
Hamilton,FL,12047,12047,21.1
Hardee,FL,12049,12049,19
Hendry,FL,12051,12051,20.9
Hernando,FL,12053,12053,14.1
Highlands,FL,12055,12055,16.5
Hillsborough,FL,12057,12057,16.2
Holmes,FL,12059,12059,15.7
Indian River,FL,12061,12061,15
Jackson,FL,12063,12063,18.8
Jefferson,FL,12065,12065,18.9
Lafayette,FL,12067,12067,20.2
Lake,FL,12069,12069,15.4
Lee,FL,12071,12071,15.4
Leon,FL,12073,12073,16.2
Levy,FL,12075,12075,15.9
Liberty,FL,12077,12077,19.1
Madison,FL,12079,12079,20.3
Manatee,FL,12081,12081,14.4
Marion,FL,12083,12083,15.1
Martin,FL,12085,12085,14.1
Miami-Dade,FL,12086,12086,18
Monroe,FL,12087,12087,15
Nassau,FL,12089,12089,15.1
Okaloosa,FL,12091,12091,15.1
Okeechobee,FL,12093,12093,18.4
Orange,FL,12095,12095,16.6
Osceola,FL,12097,12097,17
Palm Beach,FL,12099,12099,15.4
Pasco,FL,12101,12101,15
Pinellas,FL,12103,12103,14.7
Polk,FL,12105,12105,16.3
Putnam,FL,12107,12107,16.9
St. Johns,FL,12109,12109,13.6
St. Lucie,FL,12111,12111,15.8
Santa Rosa,FL,12113,12113,14.7
Sarasota,FL,12115,12115,13.5
Seminole,FL,12117,12117,14.7
Sumter,FL,12119,12119,14.2
Suwannee,FL,12121,12121,17.7
Taylor,FL,12123,12123,19
Union,FL,12125,12125,18.6
Volusia,FL,12127,12127,15.5
Wakulla,FL,12129,12129,17.8
Walton,FL,12131,12131,15.6
Washington,FL,12133,12133,16.7
Appling,GA,13001,13001,17.5
Atkinson,GA,13003,13003,18.3
Bacon,GA,13005,13005,17
Baker,GA,13007,13007,19.4
Baldwin,GA,13009,13009,18.9
Banks,GA,13011,13011,16
Barrow,GA,13013,13013,17.3
Bartow,GA,13015,13015,17.2
Ben Hill,GA,13017,13017,18.4
Berrien,GA,13019,13019,16.6
Bibb,GA,13021,13021,19.7
Bleckley,GA,13023,13023,18.3
Brantley,GA,13025,13025,15.5
Brooks,GA,13027,13027,18.5
Bryan,GA,13029,13029,16.7
Bulloch,GA,13031,13031,18.6
Burke,GA,13033,13033,19.6
Butts,GA,13035,13035,18.2
Calhoun,GA,13037,13037,21.8
Camden,GA,13039,13039,17.3
Candler,GA,13043,13043,18.3
Carroll,GA,13045,13045,17.7
Catoosa,GA,13047,13047,15.3
Charlton,GA,13049,13049,18.7
Chatham,GA,13051,13051,18.6
Chattahoochee,GA,13053,13053,19.8
Chattooga,GA,13055,13055,16.6
Cherokee,GA,13057,13057,15
Clarke,GA,13059,13059,19.4
Clay,GA,13061,13061,20.6
Clayton,GA,13063,13063,20.9
Clinch,GA,13065,13065,17.8
Cobb,GA,13067,13067,16.5
Coffee,GA,13069,13069,18.2
Colquitt,GA,13071,13071,18.2
Columbia,GA,13073,13073,16.7
Cook,GA,13075,13075,18.2
Coweta,GA,13077,13077,17.2
Crawford,GA,13079,13079,17.1
Crisp,GA,13081,13081,19.1
Dade,GA,13083,13083,15.6
Dawson,GA,13085,13085,15.5
Decatur,GA,13087,13087,18.9
DeKalb,GA,13089,13089,18.5
Dodge,GA,13091,13091,18.6
Dooly,GA,13093,13093,20.9
Dougherty,GA,13095,13095,21
Douglas,GA,13097,13097,18.4
Early,GA,13099,13099,19.4
Echols,GA,13101,13101,17.6
Effingham,GA,13103,13103,16.4
Elbert,GA,13105,13105,18
Emanuel,GA,13107,13107,18.6
Evans,GA,13109,13109,18.6
Fannin,GA,13111,13111,15.2
Fayette,GA,13113,13113,16.5
Floyd,GA,13115,13115,17
Forsyth,GA,13117,13117,15.4
Franklin,GA,13119,13119,16.4
Fulton,GA,13121,13121,17.7
Gilmer,GA,13123,13123,15.9
Glascock,GA,13125,13125,16
Glynn,GA,13127,13127,17.2
Gordon,GA,13129,13129,16.4
Grady,GA,13131,13131,18.5
Greene,GA,13133,13133,18.5
Gwinnett,GA,13135,13135,16.8
Habersham,GA,13137,13137,16
Hall,GA,13139,13139,17.3
Hancock,GA,13141,13141,22.3
Haralson,GA,13143,13143,15.9
Harris,GA,13145,13145,17.3
Hart,GA,13147,13147,17
Heard,GA,13149,13149,16.5
Henry,GA,13151,13151,17.5
Houston,GA,13153,13153,17.7
Irwin,GA,13155,13155,17.8
Jackson,GA,13157,13157,16.9
Jasper,GA,13159,13159,17.5
Jeff Davis,GA,13161,13161,17.2
Jefferson,GA,13163,13163,20.3
Jenkins,GA,13165,13165,18.8
Johnson,GA,13167,13167,18.9
Jones,GA,13169,13169,17.1
Lamar,GA,13171,13171,18.3
Lanier,GA,13173,13173,17.8
Laurens,GA,13175,13175,18.3
Lee,GA,13177,13177,16.6
Liberty,GA,13179,13179,19.8
Lincoln,GA,13181,13181,18.1
Long,GA,13183,13183,18.4
Lowndes,GA,13185,13185,19.4
Lumpkin,GA,13187,13187,16.2
McDuffie,GA,13189,13189,18.6
McIntosh,GA,13191,13191,17.7
Macon,GA,13193,13193,22.1
Madison,GA,13195,13195,16.1
Marion,GA,13197,13197,18.9
Meriwether,GA,13199,13199,18.8
Miller,GA,13201,13201,17.7
Mitchell,GA,13205,13205,20.1
Monroe,GA,13207,13207,17.2
Montgomery,GA,13209,13209,18.2
Morgan,GA,13211,13211,17.5
Murray,GA,13213,13213,16.2
Muscogee,GA,13215,13215,20
Newton,GA,13217,13217,18.3
Oconee,GA,13219,13219,15.7
Oglethorpe,GA,13221,13221,16.9
Paulding,GA,13223,13223,17.1
Peach,GA,13225,13225,19.8
Pickens,GA,13227,13227,15.4
Pierce,GA,13229,13229,16
Pike,GA,13231,13231,16.2
Polk,GA,13233,13233,17
Pulaski,GA,13235,13235,17.5
Putnam,GA,13237,13237,17.4
Quitman,GA,13239,13239,19.4
Rabun,GA,13241,13241,15.5
Randolph,GA,13243,13243,20.9
Richmond,GA,13245,13245,20.1
Rockdale,GA,13247,13247,18.8
Schley,GA,13249,13249,17.8
Screven,GA,13251,13251,18.7
Seminole,GA,13253,13253,18
Spalding,GA,13255,13255,18
Stephens,GA,13257,13257,16.1
Stewart,GA,13259,13259,22.7
Sumter,GA,13261,13261,20.5
Talbot,GA,13263,13263,20.8
Taliaferro,GA,13265,13265,20.9
Tattnall,GA,13267,13267,19.5
Taylor,GA,13269,13269,19.4
Telfair,GA,13271,13271,20
Terrell,GA,13273,13273,20.3
Thomas,GA,13275,13275,18.6
Tift,GA,13277,13277,18.3
Toombs,GA,13279,13279,17.6
Towns,GA,13281,13281,15.1
Treutlen,GA,13283,13283,18.5
Troup,GA,13285,13285,18.5
Turner,GA,13287,13287,19.2
Twiggs,GA,13289,13289,18.4
Union,GA,13291,13291,15
Upson,GA,13293,13293,17.4
Walker,GA,13295,13295,15.5
Walton,GA,13297,13297,16.8
Ware,GA,13299,13299,17.9
Warren,GA,13301,13301,20.5
Washington,GA,13303,13303,20.4
Wayne,GA,13305,13305,17.4
Webster,GA,13307,13307,19.5
Wheeler,GA,13309,13309,19.9
White,GA,13311,13311,15.5
Whitfield,GA,13313,13313,18.2
Wilcox,GA,13315,13315,19.6
Wilkes,GA,13317,13317,19.2
Wilkinson,GA,13319,13319,18.4
Worth,GA,13321,13321,17.8
Hawaii,HI,15001,15001,16.4
Honolulu,HI,15003,15003,15.6
Kalawao,HI,15005,15005,17.8
Kauai,HI,15007,15007,16.1
Maui,HI,15009,15009,16.3
Ada,ID,16001,16001,12.9
Adams,ID,16003,16003,12.3
Bannock,ID,16005,16005,13.7
Bear Lake,ID,16007,16007,12.9
Benewah,ID,16009,16009,12.9
Bingham,ID,16011,16011,14
Blaine,ID,16013,16013,13.6
Boise,ID,16015,16015,12.3
Bonner,ID,16017,16017,12.4
Bonneville,ID,16019,16019,13.3
Boundary,ID,16021,16021,12.5
Butte,ID,16023,16023,12.5
Camas,ID,16025,16025,12.8
Canyon,ID,16027,16027,13.9
Caribou,ID,16029,16029,13.1
Cassia,ID,16031,16031,13.6
Clark,ID,16033,16033,14.8
Clearwater,ID,16035,16035,12.6
Custer,ID,16037,16037,12.5
Elmore,ID,16039,16039,14
Franklin,ID,16041,16041,13.2
Fremont,ID,16043,16043,13.6
Gem,ID,16045,16045,12.7
Gooding,ID,16047,16047,14.2
Idaho,ID,16049,16049,12.5
Jefferson,ID,16051,16051,13.5
Jerome,ID,16053,16053,14.4
Kootenai,ID,16055,16055,12.8
Latah,ID,16057,16057,13.6
Lemhi,ID,16059,16059,12.3
Lewis,ID,16061,16061,12.7
Lincoln,ID,16063,16063,14.4
Madison,ID,16065,16065,14.7
Minidoka,ID,16067,16067,14.3
Nez Perce,ID,16069,16069,12.7
Oneida,ID,16071,16071,12.9
Owyhee,ID,16073,16073,14
Payette,ID,16075,16075,13.1
Power,ID,16077,16077,14.4
Shoshone,ID,16079,16079,12.5
Teton,ID,16081,16081,13.9
Twin Falls,ID,16083,16083,13.1
Valley,ID,16085,16085,12.4
Washington,ID,16087,16087,13.2
Adams,IL,17001,17001,13.5
Alexander,IL,17003,17003,16.6
Bond,IL,17005,17005,13.7
Boone,IL,17007,17007,14.1
Brown,IL,17009,17009,16.8
Bureau,IL,17011,17011,12.7
Calhoun,IL,17013,17013,13.2
Carroll,IL,17015,17015,13
Cass,IL,17017,17017,14.4
Champaign,IL,17019,17019,15.9
Christian,IL,17021,17021,13.9
Clark,IL,17023,17023,13.7
Clay,IL,17025,17025,13.7
Clinton,IL,17027,17027,13.3
Coles,IL,17029,17029,14.7
Cook,IL,17031,17031,15.5
Crawford,IL,17033,17033,14.5
Cumberland,IL,17035,17035,13.6
DeKalb,IL,17037,17037,14.8
De Witt,IL,17039,17039,14
Douglas,IL,17041,17041,14
DuPage,IL,17043,17043,13.4
Edgar,IL,17045,17045,13.6
Edwards,IL,17047,17047,13.7
Effingham,IL,17049,17049,12.7
Fayette,IL,17051,17051,13.6
Ford,IL,17053,17053,13.6
Franklin,IL,17055,17055,13.3
Fulton,IL,17057,17057,13.5
Gallatin,IL,17059,17059,13.7
Greene,IL,17061,17061,13.6
Grundy,IL,17063,17063,14
Hamilton,IL,17065,17065,13.6
Hancock,IL,17067,17067,13.1
Hardin,IL,17069,17069,13.6
Henderson,IL,17071,17071,12.9
Henry,IL,17073,17073,13.2
Iroquois,IL,17075,17075,13.9
Jackson,IL,17077,17077,15.5
Jasper,IL,17079,17079,13.7
Jefferson,IL,17081,17081,13.2
Jersey,IL,17083,17083,13.5
Jo Daviess,IL,17085,17085,13
Johnson,IL,17087,17087,15.2
Kane,IL,17089,17089,14.5
Kankakee,IL,17091,17091,15.2
Kendall,IL,17093,17093,14.7
Knox,IL,17095,17095,13.3
Lake,IL,17097,17097,13.6
LaSalle,IL,17099,17099,13.7
Lawrence,IL,17101,17101,15.5
Lee,IL,17103,17103,13.7
Livingston,IL,17105,17105,14.3
Logan,IL,17107,17107,14.8
McDonough,IL,17109,17109,14.5
McHenry,IL,17111,17111,13.2
McLean,IL,17113,17113,14.9
Macon,IL,17115,17115,14.4
Macoupin,IL,17117,17117,13.4
Madison,IL,17119,17119,13.6
Marion,IL,17121,17121,12.7
Marshall,IL,17123,17123,12.5
Mason,IL,17125,17125,13.2
Massac,IL,17127,17127,14.1
Menard,IL,17129,17129,13.7
Mercer,IL,17131,17131,13
Monroe,IL,17133,17133,12.4
Montgomery,IL,17135,17135,13.3
Morgan,IL,17137,17137,14
Moultrie,IL,17139,17139,13.9
Ogle,IL,17141,17141,14.6
Peoria,IL,17143,17143,14.1
Perry,IL,17145,17145,14.7
Piatt,IL,17147,17147,13.7
Pike,IL,17149,17149,13.5
Pope,IL,17151,17151,14.6
Pulaski,IL,17153,17153,16.3
Putnam,IL,17155,17155,12.6
Randolph,IL,17157,17157,14
Richland,IL,17159,17159,13.7
Rock Island,IL,17161,17161,13
St. Clair,IL,17163,17163,14.5
Saline,IL,17165,17165,13.8
Sangamon,IL,17167,17167,14.5
Schuyler,IL,17169,17169,13.6
Scott,IL,17171,17171,13.2
Shelby,IL,17173,17173,13.9
Stark,IL,17175,17175,12.4
Stephenson,IL,17177,17177,14.8
Tazewell,IL,17179,17179,13.5
Union,IL,17181,17181,14.1
Vermilion,IL,17183,17183,14.8
Wabash,IL,17185,17185,13.9
Warren,IL,17187,17187,13.6
Washington,IL,17189,17189,12.7
Wayne,IL,17191,17191,13.6
White,IL,17193,17193,13.7
Whiteside,IL,17195,17195,13.4
Will,IL,17197,17197,13.6
Williamson,IL,17199,17199,13.5
Winnebago,IL,17201,17201,14.6
Woodford,IL,17203,17203,12.6
Adams,IN,18001,18001,16
Allen,IN,18003,18003,16.2
Bartholomew,IN,18005,18005,17.2
Benton,IN,18007,18007,16.6
Blackford,IN,18009,18009,16
Boone,IN,18011,18011,14.1
Brown,IN,18013,18013,16.4
Carroll,IN,18015,18015,16.5
Cass,IN,18017,18017,17
Clark,IN,18019,18019,17
Clay,IN,18021,18021,16
Clinton,IN,18023,18023,17.1
Crawford,IN,18025,18025,16
Daviess,IN,18027,18027,17.3
Dearborn,IN,18029,18029,16.7
Decatur,IN,18031,18031,16.5
DeKalb,IN,18033,18033,16.3
Delaware,IN,18035,18035,17.5
Dubois,IN,18037,18037,16
Elkhart,IN,18039,18039,17.3
Fayette,IN,18041,18041,16
Floyd,IN,18043,18043,16.7
Fountain,IN,18045,18045,16.1
Franklin,IN,18047,18047,16.6
Fulton,IN,18049,18049,16.6
Gibson,IN,18051,18051,16.3
Grant,IN,18053,18053,17
Greene,IN,18055,18055,17.1
Hamilton,IN,18057,18057,14.9
Hancock,IN,18059,18059,16.5
Harrison,IN,18061,18061,16.3
Hendricks,IN,18063,18063,16.9
Henry,IN,18065,18065,16.1
Howard,IN,18067,18067,16.9
Huntington,IN,18069,18069,15.9
Jackson,IN,18071,18071,17.1
Jasper,IN,18073,18073,16.6
Jay,IN,18075,18075,16.1
Jefferson,IN,18077,18077,16.8
Jennings,IN,18079,18079,16.6
Johnson,IN,18081,18081,16
Knox,IN,18083,18083,16.5
Kosciusko,IN,18085,18085,16.8
LaGrange,IN,18087,18087,16.8
Lake,IN,18089,18089,17.8
LaPorte,IN,18091,18091,17.2
Lawrence,IN,18093,18093,16.9
Madison,IN,18095,18095,17.2
Marion,IN,18097,18097,19.1
Marshall,IN,18099,18099,16.7
Martin,IN,18101,18101,17.2
Miami,IN,18103,18103,17
Monroe,IN,18105,18105,18.1
Montgomery,IN,18107,18107,16.8
Morgan,IN,18109,18109,16.5
Newton,IN,18111,18111,16.5
Noble,IN,18113,18113,16.8
Ohio,IN,18115,18115,16.6
Orange,IN,18117,18117,17.3
Owen,IN,18119,18119,17.1
Parke,IN,18121,18121,16.2
Perry,IN,18123,18123,16.5
Pike,IN,18125,18125,15.8
Porter,IN,18127,18127,16.8
Posey,IN,18129,18129,16.2
Pulaski,IN,18131,18131,16.5
Putnam,IN,18133,18133,17.7
Randolph,IN,18135,18135,16.1
Ripley,IN,18137,18137,16.8
Rush,IN,18139,18139,16.3
St. Joseph,IN,18141,18141,17.2
Scott,IN,18143,18143,16.5
Shelby,IN,18145,18145,16.6
Spencer,IN,18147,18147,16
Starke,IN,18149,18149,16.6
Steuben,IN,18151,18151,16.5
Sullivan,IN,18153,18153,16.8
Switzerland,IN,18155,18155,16.9
Tippecanoe,IN,18157,18157,18
Tipton,IN,18159,18159,16.3
Union,IN,18161,18161,16.3
Vanderburgh,IN,18163,18163,16.9
Vermillion,IN,18165,18165,15.8
Vigo,IN,18167,18167,17.4
Wabash,IN,18169,18169,16.1
Warren,IN,18171,18171,16
Warrick,IN,18173,18173,16
Washington,IN,18175,18175,16.3
Wayne,IN,18177,18177,16.7
Wells,IN,18179,18179,15.9
White,IN,18181,18181,16.8
Whitley,IN,18183,18183,15.9
Adair,IA,19001,19001,15.5
Adams,IA,19003,19003,15.6
Allamakee,IA,19005,19005,15.4
Appanoose,IA,19007,19007,15.6
Audubon,IA,19009,19009,15.4
Benton,IA,19011,19011,15.1
Black Hawk,IA,19013,19013,16.6
Boone,IA,19015,19015,15.3
Bremer,IA,19017,19017,15.3
Buchanan,IA,19019,19019,15.4
Buena Vista,IA,19021,19021,16.7
Butler,IA,19023,19023,15.2
Calhoun,IA,19025,19025,15
Carroll,IA,19027,19027,15.3
Cass,IA,19029,19029,15.5
Cedar,IA,19031,19031,15.4
Cerro Gordo,IA,19033,19033,15.3
Cherokee,IA,19035,19035,15.3
Chickasaw,IA,19037,19037,15.1
Clarke,IA,19039,19039,16.2
Clay,IA,19041,19041,14.8
Clayton,IA,19043,19043,15.1
Clinton,IA,19045,19045,15.6
Crawford,IA,19047,19047,16.7
Dallas,IA,19049,19049,15.3
Davis,IA,19051,19051,15.5
Decatur,IA,19053,19053,16.3
Delaware,IA,19055,19055,15.3
Des Moines,IA,19057,19057,15.7
Dickinson,IA,19059,19059,14.4
Dubuque,IA,19061,19061,15.8
Emmet,IA,19063,19063,15.5
Fayette,IA,19065,19065,15.4
Floyd,IA,19067,19067,15.3
Franklin,IA,19069,19069,15.8
Fremont,IA,19071,19071,15.6
Greene,IA,19073,19073,15.2
Grundy,IA,19075,19075,15.1
Guthrie,IA,19077,19077,15.3
Hamilton,IA,19079,19079,15.5
Hancock,IA,19081,19081,15.2
Hardin,IA,19083,19083,15.6
Harrison,IA,19085,19085,15.4
Henry,IA,19087,19087,16
Howard,IA,19089,19089,15.1
Humboldt,IA,19091,19091,15.4
Ida,IA,19093,19093,15.2
Iowa,IA,19095,19095,15.2
Jackson,IA,19097,19097,15.3
Jasper,IA,19099,19099,15.4
Jefferson,IA,19101,19101,16.3
Johnson,IA,19103,19103,17.1
Jones,IA,19105,19105,15.7
Keokuk,IA,19107,19107,15.4
Kossuth,IA,19109,19109,15.1
Lee,IA,19111,19111,15.7
Linn,IA,19113,19113,15.7
Louisa,IA,19115,19115,16.1
Lucas,IA,19117,19117,15.5
Lyon,IA,19119,19119,14.9
Madison,IA,19121,19121,15
Mahaska,IA,19123,19123,15.6
Marion,IA,19125,19125,15.2
Marshall,IA,19127,19127,16.1
Mills,IA,19129,19129,15.6
Mitchell,IA,19131,19131,15.1
Monona,IA,19133,19133,15.1
Monroe,IA,19135,19135,15.7
Montgomery,IA,19137,19137,15.5
Muscatine,IA,19139,19139,16.2
O'Brien,IA,19141,19141,15
Osceola,IA,19143,19143,15.2
Page,IA,19145,19145,16
Palo Alto,IA,19147,19147,15
Plymouth,IA,19149,19149,15.4
Pocahontas,IA,19151,19151,15.2
Polk,IA,19153,19153,16.2
Pottawattamie,IA,19155,19155,16.2
Poweshiek,IA,19157,19157,15.7
Ringgold,IA,19159,19159,15.4
Sac,IA,19161,19161,15.1
Scott,IA,19163,19163,16
Shelby,IA,19165,19165,15.5
Sioux,IA,19167,19167,15.9
Story,IA,19169,19169,17.2
Tama,IA,19171,19171,15.8
Taylor,IA,19173,19173,15.8
Union,IA,19175,19175,15.8
Van Buren,IA,19177,19177,15.4
Wapello,IA,19179,19179,15.9
Warren,IA,19181,19181,15.3
Washington,IA,19183,19183,15.5
Wayne,IA,19185,19185,15.6
Webster,IA,19187,19187,16
Winnebago,IA,19189,19189,15.5
Winneshiek,IA,19191,19191,15.8
Woodbury,IA,19193,19193,16.6
Worth,IA,19195,19195,15.1
Wright,IA,19197,19197,15.7
Allen,KS,20001,20001,18.2
Anderson,KS,20003,20003,17.7
Atchison,KS,20005,20005,18.6
Barber,KS,20007,20007,18.3
Barton,KS,20009,20009,18.8
Bourbon,KS,20011,20011,18.3
Brown,KS,20013,20013,16.9
Butler,KS,20015,20015,16.6
Chase,KS,20017,20017,17.6
Chautauqua,KS,20019,20019,17.7
Cherokee,KS,20021,20021,18
Cheyenne,KS,20023,20023,17.3
Clark,KS,20025,20025,17.9
Clay,KS,20027,20027,17.8
Cloud,KS,20029,20029,18.1
Coffey,KS,20031,20031,17.5
Comanche,KS,20033,20033,17.9
Cowley,KS,20035,20035,18.6
Crawford,KS,20037,20037,18.6
Decatur,KS,20039,20039,17.1
Dickinson,KS,20041,20041,18
Doniphan,KS,20043,20043,18.4
Douglas,KS,20045,20045,20.1
Edwards,KS,20047,20047,19
Elk,KS,20049,20049,17.3
Ellis,KS,20051,20051,18.4
Ellsworth,KS,20053,20053,19.2
Finney,KS,20055,20055,21.7
Ford,KS,20057,20057,21.8
Franklin,KS,20059,20059,18.1
Geary,KS,20061,20061,20.8
Gove,KS,20063,20063,17.3
Graham,KS,20065,20065,17.7
Grant,KS,20067,20067,21.3
Gray,KS,20069,20069,18.9
Greeley,KS,20071,20071,18
Greenwood,KS,20073,20073,17.5
Hamilton,KS,20075,20075,20.2
Harper,KS,20077,20077,18.3
Harvey,KS,20079,20079,16.5
Haskell,KS,20081,20081,19.9
Hodgeman,KS,20083,20083,18.1
Jackson,KS,20085,20085,16.6
Jefferson,KS,20087,20087,17.7
Jewell,KS,20089,20089,17.4
Johnson,KS,20091,20091,16.5
Kearny,KS,20093,20093,20
Kingman,KS,20095,20095,18.2
Kiowa,KS,20097,20097,18.6
Labette,KS,20099,20099,18.1
Lane,KS,20101,20101,17.5
Leavenworth,KS,20103,20103,19.4
Lincoln,KS,20105,20105,17.6
Linn,KS,20107,20107,17.6
Logan,KS,20109,20109,17.5
Lyon,KS,20111,20111,19.3
McPherson,KS,20113,20113,17.7
Marion,KS,20115,20115,17.7
Marshall,KS,20117,20117,17.8
Meade,KS,20119,20119,18.8
Miami,KS,20121,20121,17.9
Mitchell,KS,20123,20123,17.9
Montgomery,KS,20125,20125,18.5
Morris,KS,20127,20127,17.5
Morton,KS,20129,20129,19.2
Nemaha,KS,20131,20131,17.8
Neosho,KS,20133,20133,18
Ness,KS,20135,20135,17.5
Norton,KS,20137,20137,18.5
Osage,KS,20139,20139,16.1
Osborne,KS,20141,20141,17.3
Ottawa,KS,20143,20143,17.7
Pawnee,KS,20145,20145,19.4
Phillips,KS,20147,20147,17.4
Pottawatomie,KS,20149,20149,17.8
Pratt,KS,20151,20151,18.7
Rawlins,KS,20153,20153,17.3
Reno,KS,20155,20155,18.6
Republic,KS,20157,20157,17.5
Rice,KS,20159,20159,18.8
Riley,KS,20161,20161,20.7
Rooks,KS,20163,20163,17.5
Rush,KS,20165,20165,17.9
Russell,KS,20167,20167,17.5
Saline,KS,20169,20169,18.7
Scott,KS,20171,20171,18.3
Sedgwick,KS,20173,20173,18.1
Seward,KS,20175,20175,22.6
Shawnee,KS,20177,20177,17.9
Sheridan,KS,20179,20179,17.4
Sherman,KS,20181,20181,18.3
Smith,KS,20183,20183,17.1
Stafford,KS,20185,20185,18.6
Stanton,KS,20187,20187,20.6
Stevens,KS,20189,20189,20.3
Sumner,KS,20191,20191,18.4
Thomas,KS,20193,20193,18.3
Trego,KS,20195,20195,17.2
Wabaunsee,KS,20197,20197,16.2
Wallace,KS,20199,20199,17.8
Washington,KS,20201,20201,17.7
Wichita,KS,20203,20203,18.9
Wilson,KS,20205,20205,17.5
Woodson,KS,20207,20207,17.4
Wyandotte,KS,20209,20209,22.6
Adair,KY,21001,21001,16.6
Allen,KY,21003,21003,16
Anderson,KY,21005,21005,16.1
Ballard,KY,21007,21007,15.6
Barren,KY,21009,21009,16
Bath,KY,21011,21011,16.8
Bell,KY,21013,21013,15.6
Boone,KY,21015,21015,16.4
Bourbon,KY,21017,21017,16.7
Boyd,KY,21019,21019,16.2
Boyle,KY,21021,21021,17
Bracken,KY,21023,21023,16.8
Breathitt,KY,21025,21025,15.9
Breckinridge,KY,21027,21027,16.4
Bullitt,KY,21029,21029,15.6
Butler,KY,21031,21031,16
Caldwell,KY,21033,21033,16.2
Calloway,KY,21035,21035,16.6
Campbell,KY,21037,21037,16.2
Carlisle,KY,21039,21039,15.6
Carroll,KY,21041,21041,16.7
Carter,KY,21043,21043,16.2
Casey,KY,21045,21045,16.1
Christian,KY,21047,21047,18.4
Clark,KY,21049,21049,16.4
Clay,KY,21051,21051,17.2
Clinton,KY,21053,21053,16.1
Crittenden,KY,21055,21055,16
Cumberland,KY,21057,21057,16.2
Daviess,KY,21059,21059,15.9
Edmonson,KY,21061,21061,15.9
Elliott,KY,21063,21063,16.8
Estill,KY,21065,21065,16.1
Fayette,KY,21067,21067,16.4
Fleming,KY,21069,21069,17
Floyd,KY,21071,21071,16.3
Franklin,KY,21073,21073,16.9
Fulton,KY,21075,21075,17.4
Gallatin,KY,21077,21077,16.3
Garrard,KY,21079,21079,16.6
Grant,KY,21081,21081,16.1
Graves,KY,21083,21083,16
Grayson,KY,21085,21085,16.4
Green,KY,21087,21087,16.1
Greenup,KY,21089,21089,15.7
Hancock,KY,21091,21091,15.6
Hardin,KY,21093,21093,17.5
Harlan,KY,21095,21095,15.8
Harrison,KY,21097,21097,16.3
Hart,KY,21099,21099,16.4
Henderson,KY,21101,21101,16.4
Henry,KY,21103,21103,16.6
Hickman,KY,21105,21105,16.1
Hopkins,KY,21107,21107,16.2
Jackson,KY,21109,21109,16.2
Jefferson,KY,21111,21111,17.5
Jessamine,KY,21113,21113,16.8
Johnson,KY,21115,21115,16.3
Kenton,KY,21117,21117,16
Knott,KY,21119,21119,16
Knox,KY,21121,21121,15.8
Larue,KY,21123,21123,16.2
Laurel,KY,21125,21125,16.1
Lawrence,KY,21127,21127,16.1
Lee,KY,21129,21129,16.5
Leslie,KY,21131,21131,15.8
Letcher,KY,21133,21133,15.8
Lewis,KY,21135,21135,16.7
Lincoln,KY,21137,21137,16.4
Livingston,KY,21139,21139,15.7
Logan,KY,21141,21141,16.5
Lyon,KY,21143,21143,16.2
McCracken,KY,21145,21145,16.3
McCreary,KY,21147,21147,17.4
McLean,KY,21149,21149,15.7
Madison,KY,21151,21151,17.1
Magoffin,KY,21153,21153,16.4
Marion,KY,21155,21155,17
Marshall,KY,21157,21157,15.5
Martin,KY,21159,21159,17.8
Mason,KY,21161,21161,17.1
Meade,KY,21163,21163,16.7
Menifee,KY,21165,21165,16.9
Mercer,KY,21167,21167,16.3
Metcalfe,KY,21169,21169,15.8
Monroe,KY,21171,21171,16
Montgomery,KY,21173,21173,17
Morgan,KY,21175,21175,18
Muhlenberg,KY,21177,21177,16.2
Nelson,KY,21179,21179,16.3
Nicholas,KY,21181,21181,16.1
Ohio,KY,21183,21183,16.1
Oldham,KY,21185,21185,17
Owen,KY,21187,21187,16.1
Owsley,KY,21189,21189,15.8
Pendleton,KY,21191,21191,16
Perry,KY,21193,21193,16
Pike,KY,21195,21195,16.3
Powell,KY,21197,21197,16.4
Pulaski,KY,21199,21199,15.8
Robertson,KY,21201,21201,16.8
Rockcastle,KY,21203,21203,16
Rowan,KY,21205,21205,17.9
Russell,KY,21207,21207,16.1
Scott,KY,21209,21209,16.9
Shelby,KY,21211,21211,17.1
Simpson,KY,21213,21213,16.8
Spencer,KY,21215,21215,15.8
Taylor,KY,21217,21217,16.5
Todd,KY,21219,21219,16.6
Trigg,KY,21221,21221,16
Trimble,KY,21223,21223,16.4
Union,KY,21225,21225,17.8
Warren,KY,21227,21227,17.4
Washington,KY,21229,21229,16.7
Wayne,KY,21231,21231,16.3
Webster,KY,21233,21233,16.4
Whitley,KY,21235,21235,15.6
Wolfe,KY,21237,21237,15.7
Woodford,KY,21239,21239,16.6
Acadia,LA,22001,22001,21.3
Allen,LA,22003,22003,23.2
Ascension,LA,22005,22005,21.5
Assumption,LA,22007,22007,22.2
Avoyelles,LA,22009,22009,22.9
Beauregard,LA,22011,22011,21.2
Bienville,LA,22013,22013,23.3
Bossier,LA,22015,22015,21.8
Caddo,LA,22017,22017,23.2
Calcasieu,LA,22019,22019,21.9
Caldwell,LA,22021,22021,21.4
Cameron,LA,22023,22023,19.3
Catahoula,LA,22025,22025,23.3
Claiborne,LA,22027,22027,24.9
Concordia,LA,22029,22029,23.6
De Soto,LA,22031,22031,22.8
East Baton Rouge,LA,22033,22033,23.6
East Carroll,LA,22035,22035,27.3
East Feliciana,LA,22037,22037,24.2
Evangeline,LA,22039,22039,22.4
Franklin,LA,22041,22041,22.3
Grant,LA,22043,22043,22.3
Iberia,LA,22045,22045,22.8
Iberville,LA,22047,22047,24.6
Jackson,LA,22049,22049,22.4
Jefferson,LA,22051,22051,22.1
Jefferson Davis,LA,22053,22053,20.6
Lafayette,LA,22055,22055,21.4
Lafourche,LA,22057,22057,21.1
La Salle,LA,22059,22059,21.4
Lincoln,LA,22061,22061,24.2
Livingston,LA,22063,22063,19.7
Madison,LA,22065,22065,25.6
Morehouse,LA,22067,22067,23.5
Natchitoches,LA,22069,22069,23.4
Orleans,LA,22071,22071,25.4
Ouachita,LA,22073,22073,23
Plaquemines,LA,22075,22075,22
Pointe Coupee,LA,22077,22077,22.7
Rapides,LA,22079,22079,22.8
Red River,LA,22081,22081,22.8
Richland,LA,22083,22083,23
Sabine,LA,22085,22085,21.4
St. Bernard,LA,22087,22087,22.3
St. Charles,LA,22089,22089,22.4
St. Helena,LA,22091,22091,24.4
St. James,LA,22093,22093,24.6
St. John the Baptist,LA,22095,22095,24.9
St. Landry,LA,22097,22097,23
St. Martin,LA,22099,22099,22.6
St. Mary,LA,22101,22101,23.1
St. Tammany,LA,22103,22103,20.2
Tangipahoa,LA,22105,22105,23.2
Tensas,LA,22107,22107,24.6
Terrebonne,LA,22109,22109,22.4
Union,LA,22111,22111,22
Vermilion,LA,22113,22113,20.9
Vernon,LA,22115,22115,22.1
Washington,LA,22117,22117,22.9
Webster,LA,22119,22119,22.2
West Baton Rouge,LA,22121,22121,23.2
West Carroll,LA,22123,22123,21
West Feliciana,LA,22125,22125,25.5
Winn,LA,22127,22127,23.3
Androscoggin,ME,23001,23001,11.9
Aroostook,ME,23003,23003,11.3
Cumberland,ME,23005,23005,11.6
Franklin,ME,23007,23007,11.6
Hancock,ME,23009,23009,11.3
Kennebec,ME,23011,23011,11.3
Knox,ME,23013,23013,11.1
Lincoln,ME,23015,23015,11.1
Oxford,ME,23017,23017,11.4
Penobscot,ME,23019,23019,11.5
Piscataquis,ME,23021,23021,11.3
Sagadahoc,ME,23023,23023,11.4
Somerset,ME,23025,23025,11.4
Waldo,ME,23027,23027,11.3
Washington,ME,23029,23029,11.4
York,ME,23031,23031,11.4
Allegany,MD,24001,24001,16.4
Anne Arundel,MD,24003,24003,15.9
Baltimore,MD,24005,24005,16
Calvert,MD,24009,24009,16.6
Caroline,MD,24011,24011,17.4
Carroll,MD,24013,24013,15.9
Cecil,MD,24015,24015,16.3
Charles,MD,24017,24017,19
Dorchester,MD,24019,24019,17.9
Frederick,MD,24021,24021,15.6
Garrett,MD,24023,24023,15.4
Harford,MD,24025,24025,15.5
Howard,MD,24027,24027,15.6
Kent,MD,24029,24029,17.4
Montgomery,MD,24031,24031,16
Prince George's,MD,24033,24033,20.7
Queen Anne's,MD,24035,24035,16.5
St. Mary's,MD,24037,24037,16.9
Somerset,MD,24039,24039,20.5
Talbot,MD,24041,24041,16.6
Washington,MD,24043,24043,16.6
Wicomico,MD,24045,24045,18
Worcester,MD,24047,24047,16.4
Baltimore City,MD,24510,24510,21.1
Barnstable,MA,25001,25001,12
Berkshire,MA,25003,25003,13.4
Bristol,MA,25005,25005,13.9
Dukes,MA,25007,25007,13.1
Essex,MA,25009,25009,13.5
Franklin,MA,25011,25011,13.5
Hampden,MA,25013,25013,14.1
Hampshire,MA,25015,25015,14.1
Middlesex,MA,25017,25017,13.1
Nantucket,MA,25019,25019,14.2
Norfolk,MA,25021,25021,13.4
Plymouth,MA,25023,25023,12.7
Suffolk,MA,25025,25025,15.4
Worcester,MA,25027,25027,13.3
Alcona,MI,26001,26001,12.7
Alger,MI,26003,26003,14.4
Allegan,MI,26005,26005,13.4
Alpena,MI,26007,26007,12.9
Antrim,MI,26009,26009,13.1
Arenac,MI,26011,26011,13.6
Baraga,MI,26013,26013,14.9
Barry,MI,26015,26015,13.5
Bay,MI,26017,26017,13.6
Benzie,MI,26019,26019,13
Berrien,MI,26021,26021,14.1
Branch,MI,26023,26023,14.1
Calhoun,MI,26025,26025,14.4
Cass,MI,26027,26027,13.9
Charlevoix,MI,26029,26029,13.3
Cheboygan,MI,26031,26031,13.1
Chippewa,MI,26033,26033,15.3
Clare,MI,26035,26035,13.4
Clinton,MI,26037,26037,13.8
Crawford,MI,26039,26039,13
Delta,MI,26041,26041,13.3
Dickinson,MI,26043,26043,12.8
Eaton,MI,26045,26045,14
Emmet,MI,26047,26047,13.5
Genesee,MI,26049,26049,14
Gladwin,MI,26051,26051,13.5
Gogebic,MI,26053,26053,13.8
Grand Traverse,MI,26055,26055,13.3
Gratiot,MI,26057,26057,14.4
Hillsdale,MI,26059,26059,13.8
Houghton,MI,26061,26061,14
Huron,MI,26063,26063,13.2
Ingham,MI,26065,26065,13.7
Ionia,MI,26067,26067,14.7
Iosco,MI,26069,26069,13.4
Iron,MI,26071,26071,12.9
Isabella,MI,26073,26073,14.9
Jackson,MI,26075,26075,14.3
Kalamazoo,MI,26077,26077,14
Kalkaska,MI,26079,26079,13.3
Kent,MI,26081,26081,13.3
Keweenaw,MI,26083,26083,12.7
Lake,MI,26085,26085,14.1
Lapeer,MI,26087,26087,12.7
Leelanau,MI,26089,26089,13
Lenawee,MI,26091,26091,14.1
Livingston,MI,26093,26093,13.5
Luce,MI,26095,26095,15.2
Mackinac,MI,26097,26097,14.1
Macomb,MI,26099,26099,13.2
Manistee,MI,26101,26101,13.8
Marquette,MI,26103,26103,13.7
Mason,MI,26105,26105,13.6
Mecosta,MI,26107,26107,14.4
Menominee,MI,26109,26109,13.2
Midland,MI,26111,26111,13.6
Missaukee,MI,26113,26113,13.2
Monroe,MI,26115,26115,13.3
Montcalm,MI,26117,26117,14.2
Montmorency,MI,26119,26119,12.8
Muskegon,MI,26121,26121,14.9
Newaygo,MI,26123,26123,13.8
Oakland,MI,26125,26125,12.9
Oceana,MI,26127,26127,14.1
Ogemaw,MI,26129,26129,13.5
Ontonagon,MI,26131,26131,12.8
Osceola,MI,26133,26133,13.7
Oscoda,MI,26135,26135,13
Otsego,MI,26137,26137,13.2
Ottawa,MI,26139,26139,12.9
Presque Isle,MI,26141,26141,12.8
Roscommon,MI,26143,26143,13.3
Saginaw,MI,26145,26145,14.9
St. Clair,MI,26147,26147,14
St. Joseph,MI,26149,26149,13.9
Sanilac,MI,26151,26151,13.4
Schoolcraft,MI,26153,26153,13.6
Shiawassee,MI,26155,26155,12.6
Tuscola,MI,26157,26157,13.5
Van Buren,MI,26159,26159,14.2
Washtenaw,MI,26161,26161,14
Wayne,MI,26163,26163,16
Wexford,MI,26165,26165,13.2
Aitkin,MN,27001,27001,14.1
Anoka,MN,27003,27003,14.3
Becker,MN,27005,27005,15.1
Beltrami,MN,27007,27007,16.1
Benton,MN,27009,27009,14.9
Big Stone,MN,27011,27011,14.6
Blue Earth,MN,27013,27013,16.1
Brown,MN,27015,27015,14.8
Carlton,MN,27017,27017,15
Carver,MN,27019,27019,14.6
Cass,MN,27021,27021,14.7
Chippewa,MN,27023,27023,15
Chisago,MN,27025,27025,15.1
Clay,MN,27027,27027,15.2
Clearwater,MN,27029,27029,15.1
Cook,MN,27031,27031,14.9
Cottonwood,MN,27033,27033,15.2
Crow Wing,MN,27035,27035,14.5
Dakota,MN,27037,27037,13.9
Dodge,MN,27039,27039,14.5
Douglas,MN,27041,27041,14.7
Faribault,MN,27043,27043,15.1
Fillmore,MN,27045,27045,14.6
Freeborn,MN,27047,27047,14.5
Goodhue,MN,27049,27049,14.8
Grant,MN,27051,27051,14.7
Hennepin,MN,27053,27053,13.8
Houston,MN,27055,27055,14.4
Hubbard,MN,27057,27057,14.7
Isanti,MN,27059,27059,15
Itasca,MN,27061,27061,14.5
Jackson,MN,27063,27063,15.1
Kanabec,MN,27065,27065,14.9
Kandiyohi,MN,27067,27067,15.3
Kittson,MN,27069,27069,14.2
Koochiching,MN,27071,27071,14.6
Lac qui Parle,MN,27073,27073,14.5
Lake,MN,27075,27075,14.4
Lake of the Woods,MN,27077,27077,14.5
Le Sueur,MN,27079,27079,15.1
Lincoln,MN,27081,27081,14.5
Lyon,MN,27083,27083,15.4
McLeod,MN,27085,27085,14.7
Mahnomen,MN,27087,27087,17
Marshall,MN,27089,27089,14.4
Martin,MN,27091,27091,14.8
Meeker,MN,27093,27093,14.9
Mille Lacs,MN,27095,27095,15.2
Morrison,MN,27097,27097,14.9
Mower,MN,27099,27099,14.8
Murray,MN,27101,27101,14.9
Nicollet,MN,27103,27103,15.6
Nobles,MN,27105,27105,16.3
Norman,MN,27107,27107,14.4
Olmsted,MN,27109,27109,15.6
Otter Tail,MN,27111,27111,14.6
Pennington,MN,27113,27113,14.8
Pine,MN,27115,27115,15.5
Pipestone,MN,27117,27117,15.2
Polk,MN,27119,27119,14.7
Pope,MN,27121,27121,14.7
Ramsey,MN,27123,27123,15
Red Lake,MN,27125,27125,14.5
Redwood,MN,27127,27127,15
Renville,MN,27129,27129,14.9
Rice,MN,27131,27131,15.8
Rock,MN,27133,27133,15
Roseau,MN,27135,27135,14.6
St. Louis,MN,27137,27137,15
Scott,MN,27139,27139,14.9
Sherburne,MN,27141,27141,15
Sibley,MN,27143,27143,15
Stearns,MN,27145,27145,15.2
Steele,MN,27147,27147,14.5
Stevens,MN,27149,27149,15.9
Swift,MN,27151,27151,14.9
Todd,MN,27153,27153,15
Traverse,MN,27155,27155,14.8
Wabasha,MN,27157,27157,14.6
Wadena,MN,27159,27159,14.8
Waseca,MN,27161,27161,15.2
Washington,MN,27163,27163,13.4
Watonwan,MN,27165,27165,15.9
Wilkin,MN,27167,27167,14.8
Winona,MN,27169,27169,15.6
Wright,MN,27171,27171,15.3
Yellow Medicine,MN,27173,27173,15
Adams,MS,28001,28001,23.3
Alcorn,MS,28003,28003,19.1
Amite,MS,28005,28005,21.6
Attala,MS,28007,28007,22.3
Benton,MS,28009,28009,21.6
Bolivar,MS,28011,28011,24.6
Calhoun,MS,28013,28013,20.9
Carroll,MS,28015,28015,21.4
Chickasaw,MS,28017,28017,22.4
Choctaw,MS,28019,28019,21.2
Claiborne,MS,28021,28021,26.6
Clarke,MS,28023,28023,20.6
Clay,MS,28025,28025,23.8
Coahoma,MS,28027,28027,24.8
Copiah,MS,28029,28029,23.1
Covington,MS,28031,28031,21.3
DeSoto,MS,28033,28033,19.9
Forrest,MS,28035,28035,23
Franklin,MS,28037,28037,21
George,MS,28039,28039,19.3
Greene,MS,28041,28041,21.9
Grenada,MS,28043,28043,22.4
Hancock,MS,28045,28045,18.8
Harrison,MS,28047,28047,20.9
Hinds,MS,28049,28049,25
Holmes,MS,28051,28051,26.9
Humphreys,MS,28053,28053,25.8
Issaquena,MS,28055,28055,26
Itawamba,MS,28057,28057,18.8
Jackson,MS,28059,28059,20.7
Jasper,MS,28061,28061,22.9
Jefferson,MS,28063,28063,26.4
Jefferson Davis,MS,28065,28065,23.5
Jones,MS,28067,28067,20.7
Kemper,MS,28069,28069,24.1
Lafayette,MS,28071,28071,21.6
Lamar,MS,28073,28073,20.8
Lauderdale,MS,28075,28075,21.8
Lawrence,MS,28077,28077,21
Leake,MS,28079,28079,22.7
Lee,MS,28081,28081,20.6
Leflore,MS,28083,28083,25.6
Lincoln,MS,28085,28085,20.6
Lowndes,MS,28087,28087,22.4
Madison,MS,28089,28089,21.4
Marion,MS,28091,28091,22
Marshall,MS,28093,28093,22.7
Monroe,MS,28095,28095,21
Montgomery,MS,28097,28097,22.6
Neshoba,MS,28099,28099,21.2
Newton,MS,28101,28101,21.1
Noxubee,MS,28103,28103,25.6
Oktibbeha,MS,28105,28105,23.2
Panola,MS,28107,28107,22.5
Pearl River,MS,28109,28109,19.4
Perry,MS,28111,28111,20.5
Pike,MS,28113,28113,22.4
Pontotoc,MS,28115,28115,19.8
Prentiss,MS,28117,28117,19.7
Quitman,MS,28119,28119,24.5
Rankin,MS,28121,28121,20.2
Scott,MS,28123,28123,22.7
Sharkey,MS,28125,28125,25.2
Simpson,MS,28127,28127,21.5
Smith,MS,28129,28129,20.3
Stone,MS,28131,28131,20.4
Sunflower,MS,28133,28133,26.1
Tallahatchie,MS,28135,28135,24.4
Tate,MS,28137,28137,20.9
Tippah,MS,28139,28139,19.9
Tishomingo,MS,28141,28141,18.4
Tunica,MS,28143,28143,24.8
Union,MS,28145,28145,19.8
Walthall,MS,28147,28147,22
Warren,MS,28149,28149,22.3
Washington,MS,28151,28151,25.1
Wayne,MS,28153,28153,21.7
Webster,MS,28155,28155,20.3
Wilkinson,MS,28157,28157,25.2
Winston,MS,28159,28159,22.7
Yalobusha,MS,28161,28161,21.9
Yazoo,MS,28163,28163,23.8
Adair,MO,29001,29001,14.7
Andrew,MO,29003,29003,13.8
Atchison,MO,29005,29005,13.5
Audrain,MO,29007,29007,14.1
Barry,MO,29009,29009,15.1
Barton,MO,29011,29011,14
Bates,MO,29013,29013,14.1
Benton,MO,29015,29015,13.9
Bollinger,MO,29017,29017,14
Boone,MO,29019,29019,15.6
Buchanan,MO,29021,29021,15
Butler,MO,29023,29023,13.8
Caldwell,MO,29025,29025,14
Callaway,MO,29027,29027,14.6
Camden,MO,29029,29029,13.8
Cape Girardeau,MO,29031,29031,15
Carroll,MO,29033,29033,14
Carter,MO,29035,29035,13.7
Cass,MO,29037,29037,14.4
Cedar,MO,29039,29039,13.7
Chariton,MO,29041,29041,14
Christian,MO,29043,29043,13.5
Clark,MO,29045,29045,13.5
Clay,MO,29047,29047,13.2
Clinton,MO,29049,29049,14.2
Cole,MO,29051,29051,15
Cooper,MO,29053,29053,15.1
Crawford,MO,29055,29055,13.8
Dade,MO,29057,29057,13.8
Dallas,MO,29059,29059,14.1
Daviess,MO,29061,29061,13.6
DeKalb,MO,29063,29063,15.8
Dent,MO,29065,29065,13.7
Douglas,MO,29067,29067,14
Dunklin,MO,29069,29069,14.7
Franklin,MO,29071,29071,13.8
Gasconade,MO,29073,29073,13.6
Gentry,MO,29075,29075,13.6
Greene,MO,29077,29077,13.8
Grundy,MO,29079,29079,13.7
Harrison,MO,29081,29081,13.6
Henry,MO,29083,29083,13.9
Hickory,MO,29085,29085,13.7
Holt,MO,29087,29087,13.5
Howard,MO,29089,29089,14.7
Howell,MO,29091,29091,13.9
Iron,MO,29093,29093,13.7
Jackson,MO,29095,29095,14.8
Jasper,MO,29097,29097,14.6
Jefferson,MO,29099,29099,12.8
Johnson,MO,29101,29101,15.3
Knox,MO,29103,29103,13.5
Laclede,MO,29105,29105,14.1
Lafayette,MO,29107,29107,14.3
Lawrence,MO,29109,29109,14.2
Lewis,MO,29111,29111,14.1
Lincoln,MO,29113,29113,14.1
Linn,MO,29115,29115,13.6
Livingston,MO,29117,29117,13.7
McDonald,MO,29119,29119,15.6
Macon,MO,29121,29121,13.7
Madison,MO,29123,29123,13.7
Maries,MO,29125,29125,13.7
Marion,MO,29127,29127,13.9
Mercer,MO,29129,29129,13.5
Miller,MO,29131,29131,14
Mississippi,MO,29133,29133,16.6
Moniteau,MO,29135,29135,14.6
Monroe,MO,29137,29137,13.8
Montgomery,MO,29139,29139,14
Morgan,MO,29141,29141,13.8
New Madrid,MO,29143,29143,15.3
Newton,MO,29145,29145,14.3
Nodaway,MO,29147,29147,14.9
Oregon,MO,29149,29149,14.1
Osage,MO,29151,29151,13.9
Ozark,MO,29153,29153,13.9
Pemiscot,MO,29155,29155,16.1
Perry,MO,29157,29157,14.4
Pettis,MO,29159,29159,14.5
Phelps,MO,29161,29161,14.5
Pike,MO,29163,29163,15
Platte,MO,29165,29165,13.4
Polk,MO,29167,29167,14.4
Pulaski,MO,29169,29169,16.9
Putnam,MO,29171,29171,13.4
Ralls,MO,29173,29173,13.5
Randolph,MO,29175,29175,14.7
Ray,MO,29177,29177,14.2
Reynolds,MO,29179,29179,13.5
Ripley,MO,29181,29181,13.6
St. Charles,MO,29183,29183,13.2
St. Clair,MO,29185,29185,13.8
Ste. Genevieve,MO,29186,29186,14.4
St. Francois,MO,29187,29187,14.9
St. Louis,MO,29189,29189,13.9
Saline,MO,29195,29195,14.9
Schuyler,MO,29197,29197,13.4
Scotland,MO,29199,29199,13.6
Scott,MO,29201,29201,14.8
Shannon,MO,29203,29203,14.2
Shelby,MO,29205,29205,13.5
Stoddard,MO,29207,29207,14.2
Stone,MO,29209,29209,14.3
Sullivan,MO,29211,29211,14.7
Taney,MO,29213,29213,14.8
Texas,MO,29215,29215,14.7
Vernon,MO,29217,29217,14
Warren,MO,29219,29219,14
Washington,MO,29221,29221,14.6
Wayne,MO,29223,29223,13.5
Webster,MO,29225,29225,13.7
Worth,MO,29227,29227,13.5
Wright,MO,29229,29229,14.1
St. Louis City,MO,29510,29510,16.9
Beaverhead,MT,30001,30001,12.1
Big Horn,MT,30003,30003,15.6
Blaine,MT,30005,30005,14.7
Broadwater,MT,30007,30007,11.6
Carbon,MT,30009,30009,11.5
Carter,MT,30011,30011,11.8
Cascade,MT,30013,30013,12.2
Chouteau,MT,30015,30015,12.8
Custer,MT,30017,30017,12.1
Daniels,MT,30019,30019,11.8
Dawson,MT,30021,30021,12.2
Deer Lodge,MT,30023,30023,12
Fallon,MT,30025,30025,12
Fergus,MT,30027,30027,11.7
Flathead,MT,30029,30029,11.6
Gallatin,MT,30031,30031,12.5
Garfield,MT,30033,30033,11.8
Glacier,MT,30035,30035,15.6
Golden Valley,MT,30037,30037,12
Granite,MT,30039,30039,11.4
Hill,MT,30041,30041,13.1
Jefferson,MT,30043,30043,11.5
Judith Basin,MT,30045,30045,11.7
Lake,MT,30047,30047,13
Lewis and Clark,MT,30049,30049,11.7
Liberty,MT,30051,30051,11.7
Lincoln,MT,30053,30053,11.6
McCone,MT,30055,30055,11.8
Madison,MT,30057,30057,11.6
Meagher,MT,30059,30059,11.5
Mineral,MT,30061,30061,11.8
Missoula,MT,30063,30063,12.5
Musselshell,MT,30065,30065,11.9
Park,MT,30067,30067,11.7
Petroleum,MT,30069,30069,11.5
Phillips,MT,30071,30071,12.2
Pondera,MT,30073,30073,12.5
Powder River,MT,30075,30075,11.8
Powell,MT,30077,30077,12.5
Prairie,MT,30079,30079,11.6
Ravalli,MT,30081,30081,11.8
Richland,MT,30083,30083,12.3
Roosevelt,MT,30085,30085,15.4
Rosebud,MT,30087,30087,13.9
Sanders,MT,30089,30089,11.9
Sheridan,MT,30091,30091,11.8
Silver Bow,MT,30093,30093,12.1
Stillwater,MT,30095,30095,11.7
Sweet Grass,MT,30097,30097,11.5
Teton,MT,30099,30099,11.7
Toole,MT,30101,30101,12.6
Treasure,MT,30103,30103,12
Valley,MT,30105,30105,12.2
Wheatland,MT,30107,30107,11.7
Wibaux,MT,30109,30109,11.8
Yellowstone,MT,30111,30111,12.3
Adams,NE,31001,31001,15
Antelope,NE,31003,31003,14.5
Arthur,NE,31005,31005,14.3
Banner,NE,31007,31007,14.2
Blaine,NE,31009,31009,13.9
Boone,NE,31011,31011,14.5
Box Butte,NE,31013,31013,14.9
Boyd,NE,31015,31015,14
Brown,NE,31017,31017,14
Buffalo,NE,31019,31019,15.4
Burt,NE,31021,31021,14.4
Butler,NE,31023,31023,14.7
Cass,NE,31025,31025,13.9
Cedar,NE,31027,31027,14.5
Chase,NE,31029,31029,14.9
Cherry,NE,31031,31031,14.5
Cheyenne,NE,31033,31033,14.7
Clay,NE,31035,31035,14.6
Colfax,NE,31037,31037,17.1
Cuming,NE,31039,31039,14.8
Custer,NE,31041,31041,14.2
Dakota,NE,31043,31043,16.9
Dawes,NE,31045,31045,15.7
Dawson,NE,31047,31047,16.3
Deuel,NE,31049,31049,14.2
Dixon,NE,31051,31051,14.9
Dodge,NE,31053,31053,14.3
Douglas,NE,31055,31055,15.2
Dundy,NE,31057,31057,14.5
Fillmore,NE,31059,31059,14.6
Franklin,NE,31061,31061,14.2
Frontier,NE,31063,31063,14.7
Furnas,NE,31065,31065,14.3
Gage,NE,31067,31067,14.5
Garden,NE,31069,31069,14.2
Garfield,NE,31071,31071,13.9
Gosper,NE,31073,31073,14.2
Grant,NE,31075,31075,14.6
Greeley,NE,31077,31077,14.2
Hall,NE,31079,31079,15.6
Hamilton,NE,31081,31081,14.3
Harlan,NE,31083,31083,14.1
Hayes,NE,31085,31085,14.7
Hitchcock,NE,31087,31087,14.3
Holt,NE,31089,31089,14.3
Hooker,NE,31091,31091,14
Howard,NE,31093,31093,14.1
Jefferson,NE,31095,31095,14.6
Johnson,NE,31097,31097,16.3
Kearney,NE,31099,31099,14.3
Keith,NE,31101,31101,14.6
Keya Paha,NE,31103,31103,13.8
Kimball,NE,31105,31105,14.4
Knox,NE,31107,31107,14.8
Lancaster,NE,31109,31109,14.7
Lincoln,NE,31111,31111,14.7
Logan,NE,31113,31113,14.2
Loup,NE,31115,31115,14.1
McPherson,NE,31117,31117,14.2
Madison,NE,31119,31119,15.4
Merrick,NE,31121,31121,14.2
Morrill,NE,31123,31123,14.9
Nance,NE,31125,31125,14.6
Nemaha,NE,31127,31127,15.2
Nuckolls,NE,31129,31129,14.1
Otoe,NE,31131,31131,14.9
Pawnee,NE,31133,31133,14.3
Perkins,NE,31135,31135,14.4
Phelps,NE,31137,31137,14.5
Pierce,NE,31139,31139,14.4
Platte,NE,31141,31141,15.2
Polk,NE,31143,31143,14.6
Red Willow,NE,31145,31145,14.8
Richardson,NE,31147,31147,14.7
Rock,NE,31149,31149,14
Saline,NE,31151,31151,16.1
Sarpy,NE,31153,31153,14
Saunders,NE,31155,31155,13.9
Scotts Bluff,NE,31157,31157,15.3
Seward,NE,31159,31159,15.1
Sheridan,NE,31161,31161,14.7
Sherman,NE,31163,31163,13.9
Sioux,NE,31165,31165,14.2
Stanton,NE,31167,31167,14.7
Thayer,NE,31169,31169,14.4
Thomas,NE,31171,31171,14.2
Thurston,NE,31173,31173,18.2
Valley,NE,31175,31175,14.1
Washington,NE,31177,31177,14
Wayne,NE,31179,31179,16
Webster,NE,31181,31181,14.3
Wheeler,NE,31183,31183,14.1
York,NE,31185,31185,15
Churchill,NV,32001,32001,13.4
Clark,NV,32003,32003,15.1
Douglas,NV,32005,32005,13.2
Elko,NV,32007,32007,14.2
Esmeralda,NV,32009,32009,13.1
Eureka,NV,32011,32011,13.4
Humboldt,NV,32013,32013,14.4
Lander,NV,32015,32015,14.1
Lincoln,NV,32017,32017,13.3
Lyon,NV,32019,32019,13.6
Mineral,NV,32021,32021,14
Nye,NV,32023,32023,13.2
Pershing,NV,32027,32027,15
Storey,NV,32029,32029,13
Washoe,NV,32031,32031,13.1
White Pine,NV,32033,32033,14.3
Carson City,NV,32510,32510,14.6
Belknap,NH,33001,33001,13.9
Carroll,NH,33003,33003,13.9
Cheshire,NH,33005,33005,14.3
Coos,NH,33007,33007,13.7
Grafton,NH,33009,33009,14.2
Hillsborough,NH,33011,33011,14.7
Merrimack,NH,33013,33013,14.2
Rockingham,NH,33015,33015,13.9
Strafford,NH,33017,33017,14.3
Sullivan,NH,33019,33019,13.8
Atlantic,NJ,34001,34001,15.5
Bergen,NJ,34003,34003,14.1
Burlington,NJ,34005,34005,14.8
Camden,NJ,34007,34007,15.7
Cape May,NJ,34009,34009,14.9
Cumberland,NJ,34011,34011,18
Essex,NJ,34013,34013,17.7
Gloucester,NJ,34015,34015,14.7
Hudson,NJ,34017,34017,17
Hunterdon,NJ,34019,34019,15.1
Mercer,NJ,34021,34021,16.2
Middlesex,NJ,34023,34023,15.5
Monmouth,NJ,34025,34025,14.5
Morris,NJ,34027,34027,13.4
Ocean,NJ,34029,34029,13.8
Passaic,NJ,34031,34031,16.7
Salem,NJ,34033,34033,15.9
Somerset,NJ,34035,34035,14.5
Sussex,NJ,34037,34037,14.7
Union,NJ,34039,34039,16.8
Warren,NJ,34041,34041,14.7
Bernalillo,NM,35001,35001,17.8
Catron,NM,35003,35003,15.9
Chaves,NM,35005,35005,19
Cibola,NM,35006,35006,20.4
Colfax,NM,35007,35007,18.4
Curry,NM,35009,35009,18.7
De Baca,NM,35011,35011,17.4
Doa Ana,NM,35013,35013,18.9
Eddy,NM,35015,35015,18.5
Grant,NM,35017,35017,17.5
Guadalupe,NM,35019,35019,21.4
Harding,NM,35021,35021,17.9
Hidalgo,NM,35023,35023,18.6
Lea,NM,35025,35025,19.4
Lincoln,NM,35027,35027,17
Los Alamos,NM,35028,35028,15.6
Luna,NM,35029,35029,18.4
McKinley,NM,35031,35031,21.5
Mora,NM,35033,35033,19.8
Otero,NM,35035,35035,18.4
Quay,NM,35037,35037,18
Rio Arriba,NM,35039,35039,20.1
Roosevelt,NM,35041,35041,18.4
Sandoval,NM,35043,35043,18.2
San Juan,NM,35045,35045,19.1
San Miguel,NM,35047,35047,19.7
Santa Fe,NM,35049,35049,18.2
Sierra,NM,35051,35051,16.3
Socorro,NM,35053,35053,19.1
Taos,NM,35055,35055,18.2
Torrance,NM,35057,35057,17.5
Union,NM,35059,35059,18.8
Valencia,NM,35061,35061,19
Albany,NY,36001,36001,16.2
Allegany,NY,36003,36003,17
Bronx,NY,36005,36005,22.2
Broome,NY,36007,36007,16
Cattaraugus,NY,36009,36009,16.5
Cayuga,NY,36011,36011,16
Chautauqua,NY,36013,36013,16.6
Chemung,NY,36015,36015,16
Chenango,NY,36017,36017,16.7
Clinton,NY,36019,36019,17
Columbia,NY,36021,36021,16.7
Cortland,NY,36023,36023,16.6
Delaware,NY,36025,36025,16.9
Dutchess,NY,36027,36027,16.6
Erie,NY,36029,36029,15.9
Essex,NY,36031,36031,16.6
Franklin,NY,36033,36033,17.6
Fulton,NY,36035,36035,16
Genesee,NY,36037,36037,16.3
Greene,NY,36039,36039,17.5
Hamilton,NY,36041,36041,15.8
Herkimer,NY,36043,36043,15.9
Jefferson,NY,36045,36045,17.2
Kings,NY,36047,36047,19.8
Lewis,NY,36049,36049,16.1
Livingston,NY,36051,36051,17
Madison,NY,36053,36053,16.3
Monroe,NY,36055,36055,16.3
Montgomery,NY,36057,36057,16.4
Nassau,NY,36059,36059,16.2
New York,NY,36061,36061,15.9
Niagara,NY,36063,36063,15.7
Oneida,NY,36065,36065,16.3
Onondaga,NY,36067,36067,16
Ontario,NY,36069,36069,16.2
Orange,NY,36071,36071,16.8
Orleans,NY,36073,36073,16.7
Oswego,NY,36075,36075,16.5
Otsego,NY,36077,36077,16.4
Putnam,NY,36079,36079,15.4
Queens,NY,36081,36081,19.5
Rensselaer,NY,36083,36083,16.9
Richmond,NY,36085,36085,17.2
Rockland,NY,36087,36087,16.7
St. Lawrence,NY,36089,36089,16.5
Saratoga,NY,36091,36091,14.1
Schenectady,NY,36093,36093,16.9
Schoharie,NY,36095,36095,16.2
Schuyler,NY,36097,36097,15.1
Seneca,NY,36099,36099,16.9
Steuben,NY,36101,36101,15.1
Suffolk,NY,36103,36103,15.9
Sullivan,NY,36105,36105,16.8
Tioga,NY,36107,36107,15.3
Tompkins,NY,36109,36109,17.7
Ulster,NY,36111,36111,15.5
Warren,NY,36113,36113,15.6
Washington,NY,36115,36115,16.1
Wayne,NY,36117,36117,16.6
Westchester,NY,36119,36119,16.4
Wyoming,NY,36121,36121,17.5
Yates,NY,36123,36123,16.2
Alamance,NC,37001,37001,13.3
Alexander,NC,37003,37003,12.4
Alleghany,NC,37005,37005,12.1
Anson,NC,37007,37007,15.9
Ashe,NC,37009,37009,11.7
Avery,NC,37011,37011,12.4
Beaufort,NC,37013,37013,13.3
Bertie,NC,37015,37015,16.7
Bladen,NC,37017,37017,15.6
Brunswick,NC,37019,37019,11.9
Buncombe,NC,37021,37021,11.7
Burke,NC,37023,37023,12.7
Cabarrus,NC,37025,37025,13
Caldwell,NC,37027,37027,12.2
Camden,NC,37029,37029,12.9
Carteret,NC,37031,37031,12.2
Caswell,NC,37033,37033,14.5
Catawba,NC,37035,37035,12.7
Chatham,NC,37037,37037,12.8
Cherokee,NC,37039,37039,11.5
Chowan,NC,37041,37041,14.3
Clay,NC,37043,37043,11.4
Cleveland,NC,37045,37045,13.5
Columbus,NC,37047,37047,15.4
Craven,NC,37049,37049,13.7
Cumberland,NC,37051,37051,14.5
Currituck,NC,37053,37053,12.4
Dare,NC,37055,37055,12.2
Davidson,NC,37057,37057,12.5
Davie,NC,37059,37059,12.3
Duplin,NC,37061,37061,14.9
Durham,NC,37063,37063,14.2
Edgecombe,NC,37065,37065,15.4
Forsyth,NC,37067,37067,13
Franklin,NC,37069,37069,14
Gaston,NC,37071,37071,12
Gates,NC,37073,37073,14.5
Graham,NC,37075,37075,12.2
Granville,NC,37077,37077,14.9
Greene,NC,37079,37079,15.2
Guilford,NC,37081,37081,13.7
Halifax,NC,37083,37083,15.8
Harnett,NC,37085,37085,14.1
Haywood,NC,37087,37087,11.8
Henderson,NC,37089,37089,12.1
Hertford,NC,37091,37091,16.6
Hoke,NC,37093,37093,15.9
Hyde,NC,37095,37095,15.2
Iredell,NC,37097,37097,13.2
Jackson,NC,37099,37099,13
Johnston,NC,37101,37101,13.6
Jones,NC,37103,37103,14
Lee,NC,37105,37105,13.7
Lenoir,NC,37107,37107,14.5
Lincoln,NC,37109,37109,13
McDowell,NC,37111,37111,12.6
Macon,NC,37113,37113,11.7
Madison,NC,37115,37115,12
Martin,NC,37117,37117,15
Mecklenburg,NC,37119,37119,13.3
Mitchell,NC,37121,37121,11.6
Montgomery,NC,37123,37123,13.7
Moore,NC,37125,37125,12.5
Nash,NC,37127,37127,14.2
New Hanover,NC,37129,37129,12
Northampton,NC,37131,37131,15.9
Onslow,NC,37133,37133,14.6
Orange,NC,37135,37135,13.6
Pamlico,NC,37137,37137,13.2
Pasquotank,NC,37139,37139,15
Pender,NC,37141,37141,12.4
Perquimans,NC,37143,37143,13.4
Person,NC,37145,37145,13.7
Pitt,NC,37147,37147,14.7
Polk,NC,37149,37149,12
Randolph,NC,37151,37151,12.7
Richmond,NC,37153,37153,14.8
Robeson,NC,37155,37155,16.5
Rockingham,NC,37157,37157,12.9
Rowan,NC,37159,37159,12.9
Rutherford,NC,37161,37161,12.3
Sampson,NC,37163,37163,14.8
Scotland,NC,37165,37165,15.5
Stanly,NC,37167,37167,12.3
Stokes,NC,37169,37169,11.7
Surry,NC,37171,37171,12.2
Swain,NC,37173,37173,13.3
Transylvania,NC,37175,37175,11.9
Tyrrell,NC,37177,37177,15.7
Union,NC,37179,37179,12.1
Vance,NC,37181,37181,15.4
Wake,NC,37183,37183,12.4
Warren,NC,37185,37185,16
Washington,NC,37187,37187,15.4
Watauga,NC,37189,37189,12.8
Wayne,NC,37191,37191,13.9
Wilkes,NC,37193,37193,12
Wilson,NC,37195,37195,14.6
Yadkin,NC,37197,37197,12.2
Yancey,NC,37199,37199,11.6
Adams,ND,38001,38001,14.1
Barnes,ND,38003,38003,14.9
Benson,ND,38005,38005,18
Billings,ND,38007,38007,14.3
Bottineau,ND,38009,38009,14.8
Bowman,ND,38011,38011,14.3
Burke,ND,38013,38013,14.4
Burleigh,ND,38015,38015,14.9
Cass,ND,38017,38017,15.7
Cavalier,ND,38019,38019,14.3
Dickey,ND,38021,38021,14.8
Divide,ND,38023,38023,14.2
Dunn,ND,38025,38025,15.3
Eddy,ND,38027,38027,14.6
Emmons,ND,38029,38029,14
Foster,ND,38031,38031,14.5
Golden Valley,ND,38033,38033,14.2
Grand Forks,ND,38035,38035,16.1
Grant,ND,38037,38037,14
Griggs,ND,38039,38039,14.1
Hettinger,ND,38041,38041,14.1
Kidder,ND,38043,38043,14.4
LaMoure,ND,38045,38045,14.4
Logan,ND,38047,38047,14
McHenry,ND,38049,38049,14.2
McIntosh,ND,38051,38051,13.9
McKenzie,ND,38053,38053,16
McLean,ND,38055,38055,14.5
Mercer,ND,38057,38057,14.6
Morton,ND,38059,38059,14.5
Mountrail,ND,38061,38061,16.9
Nelson,ND,38063,38063,14.4
Oliver,ND,38065,38065,14.3
Pembina,ND,38067,38067,14.7
Pierce,ND,38069,38069,14.8
Ramsey,ND,38071,38071,15.3
Ransom,ND,38073,38073,14.5
Renville,ND,38075,38075,14.3
Richland,ND,38077,38077,15.1
Rolette,ND,38079,38079,19.8
Sargent,ND,38081,38081,14.7
Sheridan,ND,38083,38083,14.3
Sioux,ND,38085,38085,20.9
Slope,ND,38087,38087,14.5
Stark,ND,38089,38089,14.9
Steele,ND,38091,38091,14.4
Stutsman,ND,38093,38093,14.8
Towner,ND,38095,38095,14.4
Traill,ND,38097,38097,14.9
Walsh,ND,38099,38099,14.9
Ward,ND,38101,38101,15.3
Wells,ND,38103,38103,14.2
Williams,ND,38105,38105,14.8
Adams,OH,39001,39001,17
Allen,OH,39003,39003,17.1
Ashland,OH,39005,39005,16.1
Ashtabula,OH,39007,39007,16.2
Athens,OH,39009,39009,17.4
Auglaize,OH,39011,39011,15.5
Belmont,OH,39013,39013,16
Brown,OH,39015,39015,15.5
Butler,OH,39017,39017,16.1
Carroll,OH,39019,39019,15.3
Champaign,OH,39021,39021,16.7
Clark,OH,39023,39023,16.6
Clermont,OH,39025,39025,15.2
Clinton,OH,39027,39027,17
Columbiana,OH,39029,39029,15.4
Coshocton,OH,39031,39031,16.3
Crawford,OH,39033,39033,15.7
Cuyahoga,OH,39035,39035,16.9
Darke,OH,39037,39037,16.1
Defiance,OH,39039,39039,15.8
Delaware,OH,39041,39041,15
Erie,OH,39043,39043,16.5
Fairfield,OH,39045,39045,16.4
Fayette,OH,39047,39047,15.3
Franklin,OH,39049,39049,16.5
Fulton,OH,39051,39051,16
Gallia,OH,39053,39053,16
Geauga,OH,39055,39055,15.4
Greene,OH,39057,39057,15
Guernsey,OH,39059,39059,16.3
Hamilton,OH,39061,39061,16.7
Hancock,OH,39063,39063,15.7
Hardin,OH,39065,39065,17.3
Harrison,OH,39067,39067,16.2
Henry,OH,39069,39069,15.8
Highland,OH,39071,39071,17
Hocking,OH,39073,39073,17.3
Holmes,OH,39075,39075,16.9
Huron,OH,39077,39077,16.2
Jackson,OH,39079,39079,17.3
Jefferson,OH,39081,39081,16
Knox,OH,39083,39083,15.9
Lake,OH,39085,39085,16
Lawrence,OH,39087,39087,16.4
Licking,OH,39089,39089,16.6
Logan,OH,39091,39091,16.5
Lorain,OH,39093,39093,15.4
Lucas,OH,39095,39095,17.8
Madison,OH,39097,39097,16.8
Mahoning,OH,39099,39099,16.8
Marion,OH,39101,39101,16.6
Medina,OH,39103,39103,15.6
Meigs,OH,39105,39105,16
Mercer,OH,39107,39107,15.6
Miami,OH,39109,39109,16
Monroe,OH,39111,39111,15.8
Montgomery,OH,39113,39113,15.8
Morgan,OH,39115,39115,16.1
Morrow,OH,39117,39117,15.8
Muskingum,OH,39119,39119,15.8
Noble,OH,39121,39121,16.3
Ottawa,OH,39123,39123,15.7
Paulding,OH,39125,39125,15.7
Perry,OH,39127,39127,15.8
Pickaway,OH,39129,39129,16.3
Pike,OH,39131,39131,17.3
Portage,OH,39133,39133,16.1
Preble,OH,39135,39135,16.3
Putnam,OH,39137,39137,15.7
Richland,OH,39139,39139,16.9
Ross,OH,39141,39141,16.1
Sandusky,OH,39143,39143,16.2
Scioto,OH,39145,39145,16.8
Seneca,OH,39147,39147,16.3
Shelby,OH,39149,39149,16.4
Stark,OH,39151,39151,16.2
Summit,OH,39153,39153,15.3
Trumbull,OH,39155,39155,16
Tuscarawas,OH,39157,39157,15.9
Union,OH,39159,39159,15.8
Van Wert,OH,39161,39161,15.6
Vinton,OH,39163,39163,17.2
Warren,OH,39165,39165,14.7
Washington,OH,39167,39167,15.7
Wayne,OH,39169,39169,15.9
Williams,OH,39171,39171,15.7
Wood,OH,39173,39173,16.4
Wyandot,OH,39175,39175,16
Adair,OK,40001,40001,20.4
Alfalfa,OK,40003,40003,18.1
Atoka,OK,40005,40005,17.2
Beaver,OK,40007,40007,18.1
Beckham,OK,40009,40009,18.6
Blaine,OK,40011,40011,20.4
Bryan,OK,40013,40013,17
Caddo,OK,40015,40015,18.6
Canadian,OK,40017,40017,18.3
Carter,OK,40019,40019,17.7
Cherokee,OK,40021,40021,19.9
Choctaw,OK,40023,40023,18.9
Cimarron,OK,40025,40025,17.7
Cleveland,OK,40027,40027,18.4
Coal,OK,40029,40029,16.8
Comanche,OK,40031,40031,19.1
Cotton,OK,40033,40033,16.6
Craig,OK,40035,40035,18.7
Creek,OK,40037,40037,17
Custer,OK,40039,40039,19
Delaware,OK,40041,40041,18.3
Dewey,OK,40043,40043,17.2
Ellis,OK,40045,40045,17
Garfield,OK,40047,40047,18
Garvin,OK,40049,40049,17.4
Grady,OK,40051,40051,16.8
Grant,OK,40053,40053,17
Greer,OK,40055,40055,19.2
Harmon,OK,40057,40057,19.1
Harper,OK,40059,40059,17.8
Haskell,OK,40061,40061,18
Hughes,OK,40063,40063,18.3
Jackson,OK,40065,40065,19.2
Jefferson,OK,40067,40067,16.5
Johnston,OK,40069,40069,17.1
Kay,OK,40071,40071,17.9
Kingfisher,OK,40073,40073,17.9
Kiowa,OK,40075,40075,18.2
Latimer,OK,40077,40077,18.5
Le Flore,OK,40079,40079,18.1
Lincoln,OK,40081,40081,16.8
Logan,OK,40083,40083,17.7
Love,OK,40085,40085,17.3
McClain,OK,40087,40087,16.8
McCurtain,OK,40089,40089,18.8
McIntosh,OK,40091,40091,16.9
Major,OK,40093,40093,17.3
Marshall,OK,40095,40095,17
Mayes,OK,40097,40097,18.4
Murray,OK,40099,40099,17.5
Muskogee,OK,40101,40101,17.9
Noble,OK,40103,40103,17.7
Nowata,OK,40105,40105,18.3
Okfuskee,OK,40107,40107,18.6
Oklahoma,OK,40109,40109,17.8
Okmulgee,OK,40111,40111,17.6
Osage,OK,40113,40113,18.5
Ottawa,OK,40115,40115,18.3
Pawnee,OK,40117,40117,18
Payne,OK,40119,40119,18.2
Pittsburg,OK,40121,40121,18
Pontotoc,OK,40123,40123,17.5
Pottawatomie,OK,40125,40125,17.5
Pushmataha,OK,40127,40127,17.9
Roger Mills,OK,40129,40129,17.5
Rogers,OK,40131,40131,16.7
Seminole,OK,40133,40133,17.9
Sequoyah,OK,40135,40135,18.6
Stephens,OK,40137,40137,16.3
Texas,OK,40139,40139,20
Tillman,OK,40141,40141,17.9
Tulsa,OK,40143,40143,17.7
Wagoner,OK,40145,40145,16.2
Washington,OK,40147,40147,18.1
Washita,OK,40149,40149,17.6
Woods,OK,40151,40151,18.7
Woodward,OK,40153,40153,17.9
Baker,OR,41001,41001,14.9
Benton,OR,41003,41003,16.6
Clackamas,OR,41005,41005,14
Clatsop,OR,41007,41007,15.2
Columbia,OR,41009,41009,15.1
Coos,OR,41011,41011,15.4
Crook,OR,41013,41013,15
Curry,OR,41015,41015,14.9
Deschutes,OR,41017,41017,15.3
Douglas,OR,41019,41019,14.9
Gilliam,OR,41021,41021,15.1
Grant,OR,41023,41023,15
Harney,OR,41025,41025,15.1
Hood River,OR,41027,41027,16.7
Jackson,OR,41029,41029,14.1
Jefferson,OR,41031,41031,17.2
Josephine,OR,41033,41033,15.2
Klamath,OR,41035,41035,15.4
Lake,OR,41037,41037,15.2
Lane,OR,41039,41039,15
Lincoln,OR,41041,41041,15.3
Linn,OR,41043,41043,15.5
Malheur,OR,41045,41045,16.7
Marion,OR,41047,41047,15.8
Morrow,OR,41049,41049,16.9
Multnomah,OR,41051,41051,14.8
Polk,OR,41053,41053,15.9
Sherman,OR,41055,41055,15.3
Tillamook,OR,41057,41057,15.3
Umatilla,OR,41059,41059,16.5
Union,OR,41061,41061,15.2
Wallowa,OR,41063,41063,14.6
Wasco,OR,41065,41065,15.9
Washington,OR,41067,41067,14.4
Wheeler,OR,41069,41069,14.9
Yamhill,OR,41071,41071,16.2
Adams,PA,42001,42001,13.2
Allegheny,PA,42003,42003,13.2
Armstrong,PA,42005,42005,13.5
Beaver,PA,42007,42007,12.7
Bedford,PA,42009,42009,14.2
Berks,PA,42011,42011,14
Blair,PA,42013,42013,13.9
Bradford,PA,42015,42015,13.3
Bucks,PA,42017,42017,12.9
Butler,PA,42019,42019,13.5
Cambria,PA,42021,42021,14.1
Cameron,PA,42023,42023,13.1
Carbon,PA,42025,42025,13.2
Centre,PA,42027,42027,15.1
Chester,PA,42029,42029,12.3
Clarion,PA,42031,42031,14.3
Clearfield,PA,42033,42033,13.6
Clinton,PA,42035,42035,13.8
Columbia,PA,42037,42037,13
Crawford,PA,42039,42039,13.6
Cumberland,PA,42041,42041,12.7
Dauphin,PA,42043,42043,14.5
Delaware,PA,42045,42045,13.5
Elk,PA,42047,42047,13.2
Erie,PA,42049,42049,13
Fayette,PA,42051,42051,14
Forest,PA,42053,42053,16.8
Franklin,PA,42055,42055,13.4
Fulton,PA,42057,42057,14.3
Greene,PA,42059,42059,13.5
Huntingdon,PA,42061,42061,14.6
Indiana,PA,42063,42063,14.3
Jefferson,PA,42065,42065,13.9
Juniata,PA,42067,42067,14
Lackawanna,PA,42069,42069,13.1
Lancaster,PA,42071,42071,13.2
Lawrence,PA,42073,42073,12.8
Lebanon,PA,42075,42075,14.1
Lehigh,PA,42077,42077,14.4
Luzerne,PA,42079,42079,12.8
Lycoming,PA,42081,42081,13.7
McKean,PA,42083,42083,13.7
Mercer,PA,42085,42085,13.8
Mifflin,PA,42087,42087,13.7
Monroe,PA,42089,42089,15.2
Montgomery,PA,42091,42091,12.5
Montour,PA,42093,42093,13.3
Northampton,PA,42095,42095,13.8
Northumberland,PA,42097,42097,13.5
Perry,PA,42099,42099,12.9
Philadelphia,PA,42101,42101,17
Pike,PA,42103,42103,14.1
Potter,PA,42105,42105,13.3
Schuylkill,PA,42107,42107,13.8
Snyder,PA,42109,42109,14.1
Somerset,PA,42111,42111,14.3
Sullivan,PA,42113,42113,13.8
Susquehanna,PA,42115,42115,13.5
Tioga,PA,42117,42117,13.8
Union,PA,42119,42119,15.3
Venango,PA,42121,42121,13.7
Warren,PA,42123,42123,13.4
Washington,PA,42125,42125,12.6
Wayne,PA,42127,42127,14
Westmoreland,PA,42129,42129,12.3
Wyoming,PA,42131,42131,12.4
York,PA,42133,42133,13.4
Bristol,RI,44001,44001,15.7
Kent,RI,44003,44003,15.3
Newport,RI,44005,44005,15.9
Providence,RI,44007,44007,16.6
Washington,RI,44009,44009,16.1
Abbeville,SC,45001,45001,16.5
Aiken,SC,45003,45003,16
Allendale,SC,45005,45005,21
Anderson,SC,45007,45007,15.5
Bamberg,SC,45009,45009,19.9
Barnwell,SC,45011,45011,18.2
Beaufort,SC,45013,45013,16.3
Berkeley,SC,45015,45015,15.6
Calhoun,SC,45017,45017,17.7
Charleston,SC,45019,45019,15.7
Cherokee,SC,45021,45021,15.9
Chester,SC,45023,45023,17.1
Chesterfield,SC,45025,45025,17.5
Clarendon,SC,45027,45027,19
Colleton,SC,45029,45029,17.5
Darlington,SC,45031,45031,17.2
Dillon,SC,45033,45033,17.8
Dorchester,SC,45035,45035,15.3
Edgefield,SC,45037,45037,17.7
Fairfield,SC,45039,45039,16.8
Florence,SC,45041,45041,17.2
Georgetown,SC,45043,45043,16.4
Greenville,SC,45045,45045,14.7
Greenwood,SC,45047,45047,16.7
Hampton,SC,45049,45049,19.4
Horry,SC,45051,45051,14.7
Jasper,SC,45053,45053,19.4
Kershaw,SC,45055,45055,16.3
Lancaster,SC,45057,45057,16.4
Laurens,SC,45059,45059,14.8
Lee,SC,45061,45061,20.5
Lexington,SC,45063,45063,14.4
McCormick,SC,45065,45065,18.1
Marion,SC,45067,45067,18.6
Marlboro,SC,45069,45069,19.3
Newberry,SC,45071,45071,17
Oconee,SC,45073,45073,13.4
Orangeburg,SC,45075,45075,19.6
Pickens,SC,45077,45077,14
Richland,SC,45079,45079,16.6
Saluda,SC,45081,45081,16
Spartanburg,SC,45083,45083,15.1
Sumter,SC,45085,45085,18.7
Union,SC,45087,45087,16.5
Williamsburg,SC,45089,45089,20.2
York,SC,45091,45091,15
Aurora,SD,46003,46003,12.7
Beadle,SD,46005,46005,13.1
Bennett,SD,46007,46007,16.4
Bon Homme,SD,46009,46009,13.9
Brookings,SD,46011,46011,14
Brown,SD,46013,46013,12.8
Brule,SD,46015,46015,13
Buffalo,SD,46017,46017,18.2
Butte,SD,46019,46019,12.8
Campbell,SD,46021,46021,12.3
Charles Mix,SD,46023,46023,14.3
Clark,SD,46025,46025,12.4
Clay,SD,46027,46027,14.1
Codington,SD,46029,46029,12.7
Corson,SD,46031,46031,16.8
Custer,SD,46033,46033,12.4
Davison,SD,46035,46035,12.9
Day,SD,46037,46037,12.8
Deuel,SD,46039,46039,12.5
Dewey,SD,46041,46041,17.3
Douglas,SD,46043,46043,12.6
Edmunds,SD,46045,46045,12.3
Fall River,SD,46047,46047,13
Faulk,SD,46049,46049,12.3
Grant,SD,46051,46051,12.6
Gregory,SD,46053,46053,12.8
Haakon,SD,46055,46055,12.6
Hamlin,SD,46057,46057,12.5
Hand,SD,46059,46059,12.4
Hanson,SD,46061,46061,12.5
Harding,SD,46063,46063,12.8
Hughes,SD,46065,46065,13.2
Hutchinson,SD,46067,46067,12.4
Hyde,SD,46069,46069,13.1
Jackson,SD,46071,46071,15.7
Jerauld,SD,46073,46073,12.5
Jones,SD,46075,46075,12.8
Kingsbury,SD,46077,46077,12.6
Lake,SD,46079,46079,13.1
Lawrence,SD,46081,46081,12.8
Lincoln,SD,46083,46083,12.8
Lyman,SD,46085,46085,14.9
McCook,SD,46087,46087,12.4
McPherson,SD,46089,46089,12
Marshall,SD,46091,46091,13.5
Meade,SD,46093,46093,13.1
Mellette,SD,46095,46095,15.7
Miner,SD,46097,46097,12.5
Minnehaha,SD,46099,46099,13.7
Moody,SD,46101,46101,13.6
Pennington,SD,46103,46103,13.5
Perkins,SD,46105,46105,12.3
Potter,SD,46107,46107,12.2
Roberts,SD,46109,46109,14.4
Sanborn,SD,46111,46111,12.6
Shannon,SD,46113,46113,19.2
Spink,SD,46115,46115,12.5
Stanley,SD,46117,46117,12.8
Sully,SD,46119,46119,12.8
Todd,SD,46121,46121,18.5
Tripp,SD,46123,46123,13.3
Turner,SD,46125,46125,12.4
Union,SD,46127,46127,12.6
Walworth,SD,46129,46129,13
Yankton,SD,46135,46135,13.2
Ziebach,SD,46137,46137,17.5
Anderson,TN,47001,47001,16.6
Bedford,TN,47003,47003,18.3
Benton,TN,47005,47005,16.2
Bledsoe,TN,47007,47007,17.4
Blount,TN,47009,47009,16
Bradley,TN,47011,47011,16.9
Campbell,TN,47013,47013,15.6
Cannon,TN,47015,47015,16.4
Carroll,TN,47017,47017,17.2
Carter,TN,47019,47019,16.1
Cheatham,TN,47021,47021,16.3
Chester,TN,47023,47023,17.6
Claiborne,TN,47025,47025,16.1
Clay,TN,47027,47027,16.4
Cocke,TN,47029,47029,16
Coffee,TN,47031,47031,16.7
Crockett,TN,47033,47033,17.5
Cumberland,TN,47035,47035,15.9
Davidson,TN,47037,47037,18
Decatur,TN,47039,47039,17.1
DeKalb,TN,47041,47041,16.8
Dickson,TN,47043,47043,16.6
Dyer,TN,47045,47045,16.9
Fayette,TN,47047,47047,19
Fentress,TN,47049,47049,16.4
Franklin,TN,47051,47051,17
Gibson,TN,47053,47053,17.2
Giles,TN,47055,47055,17.3
Grainger,TN,47057,47057,16.1
Greene,TN,47059,47059,16.1
Grundy,TN,47061,47061,16.7
Hamblen,TN,47063,47063,16.9
Hamilton,TN,47065,47065,16.7
Hancock,TN,47067,47067,15.9
Hardeman,TN,47069,47069,21.1
Hardin,TN,47071,47071,17.2
Hawkins,TN,47073,47073,15.8
Haywood,TN,47075,47075,21
Henderson,TN,47077,47077,17.7
Henry,TN,47079,47079,16.4
Hickman,TN,47081,47081,16.8
Houston,TN,47083,47083,16.4
Humphreys,TN,47085,47085,16.4
Jackson,TN,47087,47087,16.1
Jefferson,TN,47089,47089,16.1
Johnson,TN,47091,47091,16.7
Knox,TN,47093,47093,16.1
Lake,TN,47095,47095,19.8
Lauderdale,TN,47097,47097,20.4
Lawrence,TN,47099,47099,16.2
Lewis,TN,47101,47101,16.5
Lincoln,TN,47103,47103,17.2
Loudon,TN,47105,47105,16.6
McMinn,TN,47107,47107,16.4
McNairy,TN,47109,47109,17.4
Macon,TN,47111,47111,16.5
Madison,TN,47113,47113,19.8
Marion,TN,47115,47115,16.8
Marshall,TN,47117,47117,17.8
Maury,TN,47119,47119,18.3
Meigs,TN,47121,47121,16.8
Monroe,TN,47123,47123,17
Montgomery,TN,47125,47125,18.8
Moore,TN,47127,47127,16.4
Morgan,TN,47129,47129,16.8
Obion,TN,47131,47131,16.5
Overton,TN,47133,47133,16.1
Perry,TN,47135,47135,16.4
Pickett,TN,47137,47137,16.1
Polk,TN,47139,47139,16.1
Putnam,TN,47141,47141,17.1
Rhea,TN,47143,47143,17.1
Roane,TN,47145,47145,16.5
Robertson,TN,47147,47147,17
Rutherford,TN,47149,47149,17.1
Scott,TN,47151,47151,16
Sequatchie,TN,47153,47153,16.7
Sevier,TN,47155,47155,16.1
Shelby,TN,47157,47157,20.4
Smith,TN,47159,47159,16.6
Stewart,TN,47161,47161,15.9
Sullivan,TN,47163,47163,16.3
Sumner,TN,47165,47165,16.6
Tipton,TN,47167,47167,18.4
Trousdale,TN,47169,47169,17.3
Unicoi,TN,47171,47171,16.1
Union,TN,47173,47173,16.5
Van Buren,TN,47175,47175,16.4
Warren,TN,47177,47177,16.7
Washington,TN,47179,47179,17
Wayne,TN,47181,47181,17.5
Weakley,TN,47183,47183,17.4
White,TN,47185,47185,16.6
Williamson,TN,47187,47187,16.6
Wilson,TN,47189,47189,16.9
Anderson,TX,48001,48001,21
Andrews,TX,48003,48003,20.6
Angelina,TX,48005,48005,18.3
Aransas,TX,48007,48007,17.6
Archer,TX,48009,48009,17.1
Armstrong,TX,48011,48011,16.2
Atascosa,TX,48013,48013,20.6
Austin,TX,48015,48015,19
Bailey,TX,48017,48017,20.7
Bandera,TX,48019,48019,16.8
Bastrop,TX,48021,48021,20.4
Baylor,TX,48023,48023,17.2
Bee,TX,48025,48025,22.5
Bell,TX,48027,48027,18.3
Bexar,TX,48029,48029,19.9
Blanco,TX,48031,48031,16.3
Borden,TX,48033,48033,17.5
Bosque,TX,48035,48035,17.4
Bowie,TX,48037,48037,19.5
Brazoria,TX,48039,48039,18.2
Brazos,TX,48041,48041,19.1
Brewster,TX,48043,48043,19.9
Briscoe,TX,48045,48045,17.7
Brooks,TX,48047,48047,22.7
Brown,TX,48049,48049,17.9
Burleson,TX,48051,48051,18
Burnet,TX,48053,48053,17.4
Caldwell,TX,48055,48055,21.6
Calhoun,TX,48057,48057,19.3
Callahan,TX,48059,48059,16.9
Cameron,TX,48061,48061,22
Camp,TX,48063,48063,19.6
Carson,TX,48065,48065,16.6
Cass,TX,48067,48067,18.4
Castro,TX,48069,48069,20.6
Chambers,TX,48071,48071,18.9
Cherokee,TX,48073,48073,18.8
Childress,TX,48075,48075,20.3
Clay,TX,48077,48077,16.8
Cochran,TX,48079,48079,20.5
Coke,TX,48081,48081,17.6
Coleman,TX,48083,48083,17.5
Collin,TX,48085,48085,16.9
Collingsworth,TX,48087,48087,18.4
Colorado,TX,48089,48089,19.5
Comal,TX,48091,48091,16.2
Comanche,TX,48093,48093,17.9
Concho,TX,48095,48095,22.3
Cooke,TX,48097,48097,17.7
Coryell,TX,48099,48099,19.5
Cottle,TX,48101,48101,18.2
Crane,TX,48103,48103,21.1
Crockett,TX,48105,48105,21
Crosby,TX,48107,48107,19.9
Culberson,TX,48109,48109,22.5
Dallam,TX,48111,48111,19.6
Dallas,TX,48113,48113,20.6
Dawson,TX,48115,48115,21.5
Deaf Smith,TX,48117,48117,21
Delta,TX,48119,48119,17.2
Denton,TX,48121,48121,17.2
DeWitt,TX,48123,48123,18.9
Dickens,TX,48125,48125,19.2
Dimmit,TX,48127,48127,22.6
Donley,TX,48129,48129,17.4
Duval,TX,48131,48131,24.1
Eastland,TX,48133,48133,17.7
Ector,TX,48135,48135,21.3
Edwards,TX,48137,48137,19.4
Ellis,TX,48139,48139,17.8
El Paso,TX,48141,48141,21.3
Erath,TX,48143,48143,18.5
Falls,TX,48145,48145,20.3
Fannin,TX,48147,48147,18.1
Fayette,TX,48149,48149,18.9
Fisher,TX,48151,48151,18.2
Floyd,TX,48153,48153,20
Foard,TX,48155,48155,17.6
Fort Bend,TX,48157,48157,17.8
Franklin,TX,48159,48159,17.5
Freestone,TX,48161,48161,19.2
Frio,TX,48163,48163,23.6
Gaines,TX,48165,48165,20.1
Galveston,TX,48167,48167,18.9
Garza,TX,48169,48169,22
Gillespie,TX,48171,48171,15.6
Glasscock,TX,48173,48173,19
Goliad,TX,48175,48175,18
Gonzales,TX,48177,48177,19.9
Gray,TX,48179,48179,18.3
Grayson,TX,48181,48181,18
Gregg,TX,48183,48183,19.3
Grimes,TX,48185,48185,19.5
Guadalupe,TX,48187,48187,18.8
Hale,TX,48189,48189,21
Hall,TX,48191,48191,18.6
Hamilton,TX,48193,48193,16.7
Hansford,TX,48195,48195,19.2
Hardeman,TX,48197,48197,18.1
Hardin,TX,48199,48199,17.3
Harris,TX,48201,48201,20.4
Harrison,TX,48203,48203,19.1
Hartley,TX,48205,48205,19.5
Haskell,TX,48207,48207,18.5
Hays,TX,48209,48209,17.7
Hemphill,TX,48211,48211,18.1
Henderson,TX,48213,48213,17.9
Hidalgo,TX,48215,48215,22.3
Hill,TX,48217,48217,18.2
Hockley,TX,48219,48219,19.7
Hood,TX,48221,48221,17
Hopkins,TX,48223,48223,17.9
Houston,TX,48225,48225,20.1
Howard,TX,48227,48227,20.3
Hudspeth,TX,48229,48229,22.8
Hunt,TX,48231,48231,17.9
Hutchinson,TX,48233,48233,17.6
Irion,TX,48235,48235,18.2
Jack,TX,48237,48237,18.7
Jackson,TX,48239,48239,18.3
Jasper,TX,48241,48241,18.5
Jeff Davis,TX,48243,48243,18.6
Jefferson,TX,48245,48245,21.3
Jim Hogg,TX,48247,48247,24.2
Jim Wells,TX,48249,48249,21.4
Johnson,TX,48251,48251,17.3
Jones,TX,48253,48253,20.5
Karnes,TX,48255,48255,21.6
Kaufman,TX,48257,48257,18.6
Kendall,TX,48259,48259,16.4
Kenedy,TX,48261,48261,21.7
Kent,TX,48263,48263,17
Kerr,TX,48265,48265,16.2
Kimble,TX,48267,48267,17.9
King,TX,48269,48269,17.4
Kinney,TX,48271,48271,20
Kleberg,TX,48273,48273,21.5
Knox,TX,48275,48275,18.7
Lamar,TX,48277,48277,17.9
Lamb,TX,48279,48279,20.3
Lampasas,TX,48281,48281,17.7
La Salle,TX,48283,48283,23.9
Lavaca,TX,48285,48285,16.9
Lee,TX,48287,48287,19.9
Leon,TX,48289,48289,17.3
Liberty,TX,48291,48291,19.1
Limestone,TX,48293,48293,19.6
Lipscomb,TX,48295,48295,18.4
Live Oak,TX,48297,48297,20.2
Llano,TX,48299,48299,16.1
Loving,TX,48301,48301,19.2
Lubbock,TX,48303,48303,19.1
Lynn,TX,48305,48305,19.8
McCulloch,TX,48307,48307,18.6
McLennan,TX,48309,48309,17.8
McMullen,TX,48311,48311,19.4
Madison,TX,48313,48313,20.6
Marion,TX,48315,48315,18.5
Martin,TX,48317,48317,20
Mason,TX,48319,48319,17.7
Matagorda,TX,48321,48321,20.3
Maverick,TX,48323,48323,23.5
Medina,TX,48325,48325,20.1
Menard,TX,48327,48327,18.7
Midland,TX,48329,48329,20.2
Milam,TX,48331,48331,18.2
Mills,TX,48333,48333,17.1
Mitchell,TX,48335,48335,21.8
Montague,TX,48337,48337,17.2
Montgomery,TX,48339,48339,17.2
Moore,TX,48341,48341,20.2
Morris,TX,48343,48343,18.9
Motley,TX,48345,48345,17.1
Nacogdoches,TX,48347,48347,19.3
Navarro,TX,48349,48349,19.2
Newton,TX,48351,48351,18.9
Nolan,TX,48353,48353,18.8
Nueces,TX,48355,48355,20.1
Ochiltree,TX,48357,48357,19.8
Oldham,TX,48359,48359,17
Orange,TX,48361,48361,17.7
Palo Pinto,TX,48363,48363,17.8
Panola,TX,48365,48365,18.4
Parker,TX,48367,48367,17.1
Parmer,TX,48369,48369,20.7
Pecos,TX,48371,48371,22.6
Polk,TX,48373,48373,19.1
Potter,TX,48375,48375,20.4
Presidio,TX,48377,48377,22.9
Rains,TX,48379,48379,17.3
Randall,TX,48381,48381,17.7
Reagan,TX,48383,48383,21.4
Real,TX,48385,48385,17.1
Red River,TX,48387,48387,18.2
Reeves,TX,48389,48389,23.3
Refugio,TX,48391,48391,20.3
Roberts,TX,48393,48393,16.7
Robertson,TX,48395,48395,19
Rockwall,TX,48397,48397,17.5
Runnels,TX,48399,48399,18.5
Rusk,TX,48401,48401,19.2
Sabine,TX,48403,48403,17.2
San Augustine,TX,48405,48405,18.7
San Jacinto,TX,48407,48407,18.2
San Patricio,TX,48409,48409,20.3
San Saba,TX,48411,48411,19.1
Schleicher,TX,48413,48413,20.1
Scurry,TX,48415,48415,19.5
Shackelford,TX,48417,48417,17.1
Shelby,TX,48419,48419,19.4
Sherman,TX,48421,48421,18.9
Smith,TX,48423,48423,18.2
Somervell,TX,48425,48425,17.8
Starr,TX,48427,48427,24.3
Stephens,TX,48429,48429,18.3
Sterling,TX,48431,48431,19.1
Stonewall,TX,48433,48433,17.3
Sutton,TX,48435,48435,20.8
Swisher,TX,48437,48437,20
Tarrant,TX,48439,48439,18.9
Taylor,TX,48441,48441,20.2
Terrell,TX,48443,48443,20
Terry,TX,48445,48445,20.8
Throckmorton,TX,48447,48447,16.9
Titus,TX,48449,48449,20
Tom Green,TX,48451,48451,20.1
Travis,TX,48453,48453,17.6
Trinity,TX,48455,48455,17.9
Tyler,TX,48457,48457,18.8
Upshur,TX,48459,48459,17.7
Upton,TX,48461,48461,20.3
Uvalde,TX,48463,48463,20.7
Val Verde,TX,48465,48465,21.9
Van Zandt,TX,48467,48467,17.6
Victoria,TX,48469,48469,19.7
Walker,TX,48471,48471,21.6
Waller,TX,48473,48473,21.5
Ward,TX,48475,48475,20.5
Washington,TX,48477,48477,18.3
Webb,TX,48479,48479,23.1
Wharton,TX,48481,48481,20.4
Wheeler,TX,48483,48483,17.8
Wichita,TX,48485,48485,19.3
Wilbarger,TX,48487,48487,18.8
Willacy,TX,48489,48489,22.8
Williamson,TX,48491,48491,16.3
Wilson,TX,48493,48493,18.5
Winkler,TX,48495,48495,20.9
Wise,TX,48497,48497,17.9
Wood,TX,48499,48499,17.5
Yoakum,TX,48501,48501,20.8
Young,TX,48503,48503,17.7
Zapata,TX,48505,48505,24.3
Zavala,TX,48507,48507,23.5
Beaver,UT,49001,49001,12.7
Box Elder,UT,49003,49003,12.3
Cache,UT,49005,49005,12.3
Carbon,UT,49007,49007,12.9
Daggett,UT,49009,49009,12.4
Davis,UT,49011,49011,11.6
Duchesne,UT,49013,49013,13.2
Emery,UT,49015,49015,12.8
Garfield,UT,49017,49017,12.2
Grand,UT,49019,49019,12.9
Iron,UT,49021,49021,13.1
Juab,UT,49023,49023,12.3
Kane,UT,49025,49025,12
Millard,UT,49027,49027,12.7
Morgan,UT,49029,49029,11
Piute,UT,49031,49031,11.9
Rich,UT,49033,49033,11.1
Salt Lake,UT,49035,49035,12.6
San Juan,UT,49037,49037,16.3
Sanpete,UT,49039,49039,13.3
Sevier,UT,49041,49041,12.4
Summit,UT,49043,49043,11.6
Tooele,UT,49045,49045,12.6
Uintah,UT,49047,49047,13.4
Utah,UT,49049,49049,12
Wasatch,UT,49051,49051,12.9
Washington,UT,49053,49053,12
Wayne,UT,49055,49055,12.1
Weber,UT,49057,49057,13
Addison,VT,50001,50001,15.2
Bennington,VT,50003,50003,14.4
Caledonia,VT,50005,50005,15
Chittenden,VT,50007,50007,15.3
Essex,VT,50009,50009,14.5
Franklin,VT,50011,50011,14.5
Grand Isle,VT,50013,50013,14.4
Lamoille,VT,50015,50015,15.1
Orange,VT,50017,50017,14.4
Orleans,VT,50019,50019,14.8
Rutland,VT,50021,50021,14.7
Washington,VT,50023,50023,14.8
Windham,VT,50025,50025,14.6
Windsor,VT,50027,50027,14.2
Accomack,VA,51001,51001,15.7
Albemarle,VA,51003,51003,12.9
Alleghany,VA,51005,51005,12.9
Amelia,VA,51007,51007,15.7
Amherst,VA,51009,51009,14.4
Appomattox,VA,51011,51011,14.5
Arlington,VA,51013,51013,14.1
Augusta,VA,51015,51015,13.7
Bath,VA,51017,51017,13.8
Bedford,VA,51019,51019,13.2
Bland,VA,51021,51021,14.5
Botetourt,VA,51023,51023,12.7
Brunswick,VA,51025,51025,18.9
Buchanan,VA,51027,51027,15.1
Buckingham,VA,51029,51029,17.4
Campbell,VA,51031,51031,13.7
Caroline,VA,51033,51033,15.1
Carroll,VA,51035,51035,14
Charles City,VA,51036,51036,16.7
Charlotte,VA,51037,51037,16.2
Chesterfield,VA,51041,51041,13.1
Clarke,VA,51043,51043,13.4
Craig,VA,51045,51045,12.6
Culpeper,VA,51047,51047,14.6
Cumberland,VA,51049,51049,16.3
Dickenson,VA,51051,51051,14.8
Dinwiddie,VA,51053,51053,16.1
Essex,VA,51057,51057,16.3
Fairfax,VA,51059,51059,12
Fauquier,VA,51061,51061,13.7
Floyd,VA,51063,51063,12.8
Fluvanna,VA,51065,51065,13.6
Franklin,VA,51067,51067,13.3
Frederick,VA,51069,51069,13.5
Giles,VA,51071,51071,12.5
Gloucester,VA,51073,51073,13.8
Goochland,VA,51075,51075,13.8
Grayson,VA,51077,51077,14.1
Greene,VA,51079,51079,11.7
Greensville,VA,51081,51081,19.4
Halifax,VA,51083,51083,16.6
Hanover,VA,51085,51085,13
Henrico,VA,51087,51087,13.7
Henry,VA,51089,51089,15.2
Highland,VA,51091,51091,13.2
Isle of Wight,VA,51093,51093,14.3
James City,VA,51095,51095,11.8
King and Queen,VA,51097,51097,15.5
King George,VA,51099,51099,14.5
King William,VA,51101,51101,14
Lancaster,VA,51103,51103,14.7
Lee,VA,51105,51105,15.3
Loudoun,VA,51107,51107,13.2
Louisa,VA,51109,51109,14
Lunenburg,VA,51111,51111,17.2
Madison,VA,51113,51113,13.7
Mathews,VA,51115,51115,13.4
Mecklenburg,VA,51117,51117,16.8
Middlesex,VA,51119,51119,14.4
Montgomery,VA,51121,51121,13.8
Nelson,VA,51125,51125,13.4
New Kent,VA,51127,51127,13.5
Northampton,VA,51131,51131,16.3
Northumberland,VA,51133,51133,14.7
Nottoway,VA,51135,51135,17.6
Orange,VA,51137,51137,13.9
Page,VA,51139,51139,14.2
Patrick,VA,51141,51141,14.2
Pittsylvania,VA,51143,51143,15.2
Powhatan,VA,51145,51145,13.8
Prince Edward,VA,51147,51147,17.2
Prince George,VA,51149,51149,16.7
Prince William,VA,51153,51153,14.2
Pulaski,VA,51155,51155,12.8
Rappahannock,VA,51157,51157,13.1
Richmond,VA,51159,51159,16.7
Roanoke,VA,51161,51161,12.9
Rockbridge,VA,51163,51163,13.6
Rockingham,VA,51165,51165,13.4
Russell,VA,51167,51167,14.8
Scott,VA,51169,51169,14.6
Shenandoah,VA,51171,51171,14.3
Smyth,VA,51173,51173,14.1
Southampton,VA,51175,51175,15.8
Spotsylvania,VA,51177,51177,14.4
Stafford,VA,51179,51179,13.3
Surry,VA,51181,51181,17
Sussex,VA,51183,51183,19
Tazewell,VA,51185,51185,14.7
Warren,VA,51187,51187,14.5
Washington,VA,51191,51191,14
Westmoreland,VA,51193,51193,15.5
Wise,VA,51195,51195,15.6
Wythe,VA,51197,51197,14.1
York,VA,51199,51199,12.3
Alexandria City,VA,51510,51510,12.9
Bedford City,VA,51515,51515,14.4
Bristol City,VA,51520,51520,14.6
Buena Vista City,VA,51530,51530,14.2
Charlottesville City,VA,51540,51540,14.7
Chesapeake City,VA,51550,51550,14.4
Colonial Heights City,VA,51570,51570,14.1
Covington City,VA,51580,51580,13.7
Danville City,VA,51590,51590,17.4
Emporia City,VA,51595,51595,18.4
Fairfax City,VA,51600,51600,11.5
Falls Church City,VA,51610,51610,9.9
Franklin City,VA,51620,51620,16.9
Fredericksburg City,VA,51630,51630,14.4
Galax City,VA,51640,51640,14.8
Hampton City,VA,51650,51650,16.5
Harrisonburg City,VA,51660,51660,15.9
Hopewell City,VA,51670,51670,16.2
Lexington City,VA,51678,51678,16.4
Lynchburg City,VA,51680,51680,15.9
Manassas City,VA,51683,51683,15.4
Manassas Park City,VA,51685,51685,15.8
Martinsville City,VA,51690,51690,17.2
Newport News City,VA,51700,51700,16.4
Norfolk City,VA,51710,51710,17.4
Norton City,VA,51720,51720,15.2
Petersburg City,VA,51730,51730,19.5
Poquoson City,VA,51735,51735,11
Portsmouth City,VA,51740,51740,17.2
Radford City,VA,51750,51750,14.7
Richmond City,VA,51760,51760,17
Roanoke City,VA,51770,51770,15.8
Salem City,VA,51775,51775,13.6
Staunton City,VA,51790,51790,14.5
Suffolk City,VA,51800,51800,15.9
Virginia Beach City,VA,51810,51810,14.1
Waynesboro City,VA,51820,51820,14.6
Williamsburg City,VA,51830,51830,14.1
Winchester City,VA,51840,51840,15.3
Adams,WA,53001,53001,16.7
Asotin,WA,53003,53003,12
Benton,WA,53005,53005,13.1
Chelan,WA,53007,53007,14.3
Clallam,WA,53009,53009,12.6
Clark,WA,53011,53011,12.9
Columbia,WA,53013,53013,12.2
Cowlitz,WA,53015,53015,13.8
Douglas,WA,53017,53017,14.5
Ferry,WA,53019,53019,14.4
Franklin,WA,53021,53021,15.6
Garfield,WA,53023,53023,12.1
Grant,WA,53025,53025,15.3
Grays Harbor,WA,53027,53027,13
Island,WA,53029,53029,12.7
Jefferson,WA,53031,53031,12.2
King,WA,53033,53033,12.4
Kitsap,WA,53035,53035,12.8
Kittitas,WA,53037,53037,13.8
Klickitat,WA,53039,53039,13.7
Lewis,WA,53041,53041,13.6
Lincoln,WA,53043,53043,12.1
Mason,WA,53045,53045,12.8
Okanogan,WA,53047,53047,14.8
Pacific,WA,53049,53049,13.6
Pend Oreille,WA,53051,53051,13.4
Pierce,WA,53053,53053,14
San Juan,WA,53055,53055,12
Skagit,WA,53057,53057,13.1
Skamania,WA,53059,53059,13.4
Snohomish,WA,53061,53061,13
Spokane,WA,53063,53063,13.6
Stevens,WA,53065,53065,13.6
Thurston,WA,53067,53067,12.6
Wahkiakum,WA,53069,53069,13.1
Walla Walla,WA,53071,53071,13.5
Whatcom,WA,53073,53073,13.3
Whitman,WA,53075,53075,13.8
Yakima,WA,53077,53077,16.4
Barbour,WV,54001,54001,14.5
Berkeley,WV,54003,54003,15.1
Boone,WV,54005,54005,14.1
Braxton,WV,54007,54007,14.7
Brooke,WV,54009,54009,14
Cabell,WV,54011,54011,15.4
Calhoun,WV,54013,54013,14.6
Clay,WV,54015,54015,14.2
Doddridge,WV,54017,54017,14.7
Fayette,WV,54019,54019,14.7
Gilmer,WV,54021,54021,17.4
Grant,WV,54023,54023,14.3
Greenbrier,WV,54025,54025,15
Hampshire,WV,54027,54027,14.3
Hancock,WV,54029,54029,14.2
Hardy,WV,54031,54031,14.7
Harrison,WV,54033,54033,14.4
Jackson,WV,54035,54035,14.6
Jefferson,WV,54037,54037,15.3
Kanawha,WV,54039,54039,14.7
Lewis,WV,54041,54041,14.3
Lincoln,WV,54043,54043,14.1
Logan,WV,54045,54045,14.9
McDowell,WV,54047,54047,15.5
Marion,WV,54049,54049,14.6
Marshall,WV,54051,54051,13.9
Mason,WV,54053,54053,14.4
Mercer,WV,54055,54055,14.7
Mineral,WV,54057,54057,14.6
Mingo,WV,54059,54059,14.9
Monongalia,WV,54061,54061,15.7
Monroe,WV,54063,54063,14.7
Morgan,WV,54065,54065,14.2
Nicholas,WV,54067,54067,14.7
Ohio,WV,54069,54069,14.5
Pendleton,WV,54071,54071,14.4
Pleasants,WV,54073,54073,14.8
Pocahontas,WV,54075,54075,14.8
Preston,WV,54077,54077,14.3
Putnam,WV,54079,54079,14
Raleigh,WV,54081,54081,15
Randolph,WV,54083,54083,14.6
Ritchie,WV,54085,54085,14.6
Roane,WV,54087,54087,14.6
Summers,WV,54089,54089,14.9
Taylor,WV,54091,54091,14.5
Tucker,WV,54093,54093,14.2
Tyler,WV,54095,54095,14.5
Upshur,WV,54097,54097,14.7
Wayne,WV,54099,54099,14.4
Webster,WV,54101,54101,14.7
Wetzel,WV,54103,54103,14.5
Wirt,WV,54105,54105,14.4
Wood,WV,54107,54107,14.5
Wyoming,WV,54109,54109,14.8
Adams,WI,55001,55001,16.8
Ashland,WI,55003,55003,16.7
Barron,WI,55005,55005,16.9
Bayfield,WI,55007,55007,16.1
Brown,WI,55009,55009,16.8
Buffalo,WI,55011,55011,16.2
Burnett,WI,55013,55013,15.8
Calumet,WI,55015,55015,14.7
Chippewa,WI,55017,55017,15.6
Clark,WI,55019,55019,17.2
Columbia,WI,55021,55021,16
Crawford,WI,55023,55023,16.3
Dane,WI,55025,55025,15.3
Dodge,WI,55027,55027,15.4
Door,WI,55029,55029,16.1
Douglas,WI,55031,55031,16
Dunn,WI,55033,55033,15.9
Eau Claire,WI,55035,55035,15.9
Florence,WI,55037,55037,16
Fond du Lac,WI,55039,55039,14.9
Forest,WI,55041,55041,17
Grant,WI,55043,55043,16.9
Green,WI,55045,55045,16.1
Green Lake,WI,55047,55047,16
Iowa,WI,55049,55049,16.2
Iron,WI,55051,55051,15.3
Jackson,WI,55053,55053,17
Jefferson,WI,55055,55055,15.3
Juneau,WI,55057,55057,16.8
Kenosha,WI,55059,55059,16.8
Kewaunee,WI,55061,55061,14
La Crosse,WI,55063,55063,16.3
Lafayette,WI,55065,55065,16.5
Langlade,WI,55067,55067,16.2
Lincoln,WI,55069,55069,15.8
Manitowoc,WI,55071,55071,14
Marathon,WI,55073,55073,15.9
Marinette,WI,55075,55075,16
Marquette,WI,55077,55077,15.9
Menominee,WI,55078,55078,21.8
Milwaukee,WI,55079,55079,18.3
Monroe,WI,55081,55081,16.5
Oconto,WI,55083,55083,16.2
Oneida,WI,55085,55085,16.1
Outagamie,WI,55087,55087,16.2
Ozaukee,WI,55089,55089,14.2
Pepin,WI,55091,55091,16.1
Pierce,WI,55093,55093,16.8
Polk,WI,55095,55095,16.9
Portage,WI,55097,55097,16.8
Price,WI,55099,55099,15.5
Racine,WI,55101,55101,17.1
Richland,WI,55103,55103,16.3
Rock,WI,55105,55105,16.4
Rusk,WI,55107,55107,15.6
St. Croix,WI,55109,55109,15.2
Sauk,WI,55111,55111,16
Sawyer,WI,55113,55113,16.7
Shawano,WI,55115,55115,16.4
Sheboygan,WI,55117,55117,16.5
Taylor,WI,55119,55119,15.8
Trempealeau,WI,55121,55121,16.4
Vernon,WI,55123,55123,16.1
Vilas,WI,55125,55125,16.4
Walworth,WI,55127,55127,15.7
Washburn,WI,55129,55129,15.6
Washington,WI,55131,55131,14.3
Waukesha,WI,55133,55133,13.8
Waupaca,WI,55135,55135,16
Waushara,WI,55137,55137,16.4
Winnebago,WI,55139,55139,15.6
Wood,WI,55141,55141,16.2
Albany,WY,56001,56001,13.5
Big Horn,WY,56003,56003,12.2
Campbell,WY,56005,56005,12.9
Carbon,WY,56007,56007,13.1
Converse,WY,56009,56009,12.4
Crook,WY,56011,56011,12.1
Fremont,WY,56013,56013,13
Goshen,WY,56015,56015,12.7
Hot Springs,WY,56017,56017,11.9
Johnson,WY,56019,56019,12.1
Laramie,WY,56021,56021,12.6
Lincoln,WY,56023,56023,12.1
Natrona,WY,56025,56025,12.4
Niobrara,WY,56027,56027,11.9
Park,WY,56029,56029,12.1
Platte,WY,56031,56031,12.2
Sheridan,WY,56033,56033,11.8
Sublette,WY,56035,56035,12.6
Sweetwater,WY,56037,56037,13
Teton,WY,56039,56039,12.6
Uinta,WY,56041,56041,12.4
Washakie,WY,56043,56043,12.5
Weston,WY,56045,56045,12.4