County,State,FIPS Code,Formatted FIPS,Estimated percent of adults reporting fourteen or more days of p
Autauga,AL,1001,01001,16
Baldwin,AL,1003,01003,15.4
Barbour,AL,1005,01005,15.2
Bibb,AL,1007,01007,15.3
Blount,AL,1009,01009,15.5
Bullock,AL,1011,01011,15.6
Butler,AL,1013,01013,16.3
Calhoun,AL,1015,01015,16.2
Chambers,AL,1017,01017,15.9
Cherokee,AL,1019,01019,15.6
Chilton,AL,1021,01021,15.8
Choctaw,AL,1023,01023,16
Clarke,AL,1025,01025,16.3
Clay,AL,1027,01027,15.7
Cleburne,AL,1029,01029,15.9
Coffee,AL,1031,01031,16
Colbert,AL,1033,01033,15.4
Conecuh,AL,1035,01035,16
Coosa,AL,1037,01037,15.4
Covington,AL,1039,01039,16
Crenshaw,AL,1041,01041,16.1
Cullman,AL,1043,01043,15.6
Dale,AL,1045,01045,16.1
Dallas,AL,1047,01047,16
DeKalb,AL,1049,01049,15.6
Elmore,AL,1051,01051,16.1
Escambia,AL,1053,01053,16.4
Etowah,AL,1055,01055,15.5
Fayette,AL,1057,01057,15.8
Franklin,AL,1059,01059,15.7
Geneva,AL,1061,01061,15.3
Greene,AL,1063,01063,15.3
Hale,AL,1065,01065,15.3
Henry,AL,1067,01067,15.2
Houston,AL,1069,01069,16.2
Jackson,AL,1071,01071,15.6
Jefferson,AL,1073,01073,14.9
Lamar,AL,1075,01075,15.6
Lauderdale,AL,1077,01077,15.6
Lawrence,AL,1079,01079,16.1
Lee,AL,1081,01081,17.4
Limestone,AL,1083,01083,15.5
Lowndes,AL,1085,01085,15.6
Macon,AL,1087,01087,16.2
Madison,AL,1089,01089,15.7
Marengo,AL,1091,01091,15.9
Marion,AL,1093,01093,15.6
Marshall,AL,1095,01095,15.5
Mobile,AL,1097,01097,15.9
Monroe,AL,1099,01099,16.4
Montgomery,AL,1101,01101,16.9
Morgan,AL,1103,01103,16
Perry,AL,1105,01105,16.3
Pickens,AL,1107,01107,15.8
Pike,AL,1109,01109,16.5
Randolph,AL,1111,01111,15.8
Russell,AL,1113,01113,15.9
St. Clair,AL,1115,01115,15.8
Shelby,AL,1117,01117,16
Sumter,AL,1119,01119,16.8
Talladega,AL,1121,01121,15.8
Tallapoosa,AL,1123,01123,15.8
Tuscaloosa,AL,1125,01125,17
Walker,AL,1127,01127,15.2
Washington,AL,1129,01129,16.8
Wilcox,AL,1131,01131,16.5
Winston,AL,1133,01133,15.9
Aleutians East,AK,2013,02013,11.6
Aleutians West,AK,2016,02016,11.5
Anchorage,AK,2020,02020,12.7
Bethel,AK,2050,02050,18.2
Bristol Bay,AK,2060,02060,14.9
Denali,AK,2068,02068,12.4
Dillingham,AK,2070,02070,17.5
Fairbanks North Star,AK,2090,02090,13.2
Haines,AK,2100,02100,12.4
Hoonah-Angoon,AK,2105,02105,14.5
Juneau,AK,2110,02110,13.7
Kenai Peninsula,AK,2122,02122,12.9
Ketchikan Gateway,AK,2130,02130,12.7
Kodiak Island,AK,2150,02150,12.4
Lake and Peninsula,AK,2164,02164,17.3
Matanuska-Susitna,AK,2170,02170,12.6
Nome,AK,2180,02180,17.7
North Slope,AK,2185,02185,15.4
Northwest Arctic,AK,2188,02188,18.2
Petersburg,AK,2195,02195,13.3
Prince of Wales-Hyder,AK,2198,02198,14.8
Sitka,AK,2220,02220,13.4
Skagway,AK,2230,02230,12.6
Southeast Fairbanks,AK,2240,02240,12.9
Valdez-Cordova,AK,2261,02261,13.1
Wade Hampton,AK,2270,02270,19.3
Wrangell,AK,2275,02275,13
Yakutat,AK,2282,02282,14.6
Yukon-Koyukuk,AK,2290,02290,16.8
Apache,AZ,4001,04001,18.7
Cochise,AZ,4003,04003,12.7
Coconino,AZ,4005,04005,16.3
Gila,AZ,4007,04007,13.3
Graham,AZ,4009,04009,14.4
Greenlee,AZ,4011,04011,12.8
La Paz,AZ,4012,04012,12.4
Maricopa,AZ,4013,04013,13
Mohave,AZ,4015,04015,12.7
Navajo,AZ,4017,04017,16
Pima,AZ,4019,04019,12.6
Pinal,AZ,4021,04021,12.9
Santa Cruz,AZ,4023,04023,12.3
Yavapai,AZ,4025,04025,12.4
Yuma,AZ,4027,04027,12.6
Arkansas,AR,5001,05001,15.7
Ashley,AR,5003,05003,16
Baxter,AR,5005,05005,13.8
Benton,AR,5007,05007,15.4
Boone,AR,5009,05009,14.9
Bradley,AR,5011,05011,15.8
Calhoun,AR,5013,05013,14.8
Carroll,AR,5015,05015,14.9
Chicot,AR,5017,05017,15.8
Clark,AR,5019,05019,16.2
Clay,AR,5021,05021,15.1
Cleburne,AR,5023,05023,14.8
Cleveland,AR,5025,05025,15.2
Columbia,AR,5027,05027,15.8
Conway,AR,5029,05029,15.8
Craighead,AR,5031,05031,16.4
Crawford,AR,5033,05033,15.5
Crittenden,AR,5035,05035,16.2
Cross,AR,5037,05037,15.9
Dallas,AR,5039,05039,15.4
Desha,AR,5041,05041,16.3
Drew,AR,5043,05043,16.6
Faulkner,AR,5045,05045,16.8
Franklin,AR,5047,05047,14.7
Fulton,AR,5049,05049,14.8
Garland,AR,5051,05051,14.6
Grant,AR,5053,05053,14.9
Greene,AR,5055,05055,15.5
Hempstead,AR,5057,05057,15.3
Hot Spring,AR,5059,05059,15.5
Howard,AR,5061,05061,15.5
Independence,AR,5063,05063,15.2
Izard,AR,5065,05065,14.6
Jackson,AR,5067,05067,16.1
Jefferson,AR,5069,05069,16.1
Johnson,AR,5071,05071,16
Lafayette,AR,5073,05073,15.4
Lawrence,AR,5075,05075,15.6
Lee,AR,5077,05077,15.7
Lincoln,AR,5079,05079,15.3
Little River,AR,5081,05081,15.7
Logan,AR,5083,05083,15.3
Lonoke,AR,5085,05085,16.1
Madison,AR,5087,05087,14.6
Marion,AR,5089,05089,14.5
Miller,AR,5091,05091,16.2
Mississippi,AR,5093,05093,15.9
Monroe,AR,5095,05095,15.5
Montgomery,AR,5097,05097,14.7
Nevada,AR,5099,05099,14.8
Newton,AR,5101,05101,14.3
Ouachita,AR,5103,05103,15.2
Perry,AR,5105,05105,15
Phillips,AR,5107,05107,15.8
Pike,AR,5109,05109,15.5
Poinsett,AR,5111,05111,15.1
Polk,AR,5113,05113,15.1
Pope,AR,5115,05115,16.2
Prairie,AR,5117,05117,15.5
Pulaski,AR,5119,05119,16.1
Randolph,AR,5121,05121,15.4
St. Francis,AR,5123,05123,15.6
Saline,AR,5125,05125,15.3
Scott,AR,5127,05127,15.2
Searcy,AR,5129,05129,14.8
Sebastian,AR,5131,05131,15.9
Sevier,AR,5133,05133,15.6
Sharp,AR,5135,05135,14.7
Stone,AR,5137,05137,14.8
Union,AR,5139,05139,15.3
Van Buren,AR,5141,05141,14.8
Washington,AR,5143,05143,16.7
White,AR,5145,05145,16.2
Woodruff,AR,5147,05147,15.7
Yell,AR,5149,05149,14.8
Alameda,CA,6001,06001,12.6
Alpine,CA,6003,06003,15.3
Amador,CA,6005,06005,13.6
Butte,CA,6007,06007,14.2
Calaveras,CA,6009,06009,13.8
Colusa,CA,6011,06011,14.5
Contra Costa,CA,6013,06013,12.3
Del Norte,CA,6015,06015,14.3
El Dorado,CA,6017,06017,13.7
Fresno,CA,6019,06019,13.5
Glenn,CA,6021,06021,14.7
Humboldt,CA,6023,06023,15.5
Imperial,CA,6025,06025,13.7
Inyo,CA,6027,06027,14
Kern,CA,6029,06029,14.1
Kings,CA,6031,06031,14.5
Lake,CA,6033,06033,13.9
Lassen,CA,6035,06035,14.2
Los Angeles,CA,6037,06037,13.1
Madera,CA,6039,06039,14.8
Marin,CA,6041,06041,12
Mariposa,CA,6043,06043,14
Mendocino,CA,6045,06045,14.1
Merced,CA,6047,06047,13.9
Modoc,CA,6049,06049,14
Mono,CA,6051,06051,14.9
Monterey,CA,6053,06053,13.8
Napa,CA,6055,06055,13.3
Nevada,CA,6057,06057,13.6
Orange,CA,6059,06059,12.4
Placer,CA,6061,06061,12.8
Plumas,CA,6063,06063,14.1
Riverside,CA,6065,06065,13.6
Sacramento,CA,6067,06067,13.8
San Benito,CA,6069,06069,13.4
San Bernardino,CA,6071,06071,14
San Diego,CA,6073,06073,13
San Francisco,CA,6075,06075,11.2
San Joaquin,CA,6077,06077,14
San Luis Obispo,CA,6079,06079,13.4
San Mateo,CA,6081,06081,11.4
Santa Barbara,CA,6083,06083,14.1
Santa Clara,CA,6085,06085,11.3
Santa Cruz,CA,6087,06087,13.2
Shasta,CA,6089,06089,14.6
Sierra,CA,6091,06091,13.7
Siskiyou,CA,6093,06093,14.3
Solano,CA,6095,06095,13.3
Sonoma,CA,6097,06097,13.5
Stanislaus,CA,6099,06099,14.1
Sutter,CA,6101,06101,13.7
Tehama,CA,6103,06103,14.4
Trinity,CA,6105,06105,14.6
Tulare,CA,6107,06107,13.9
Tuolumne,CA,6109,06109,13.5
Ventura,CA,6111,06111,13.6
Yolo,CA,6113,06113,14
Yuba,CA,6115,06115,14.5
Adams,CO,8001,08001,11.9
Alamosa,CO,8003,08003,12.5
Arapahoe,CO,8005,08005,11.2
Archuleta,CO,8007,08007,11.6
Baca,CO,8009,08009,11.5
Bent,CO,8011,08011,11.3
Boulder,CO,8013,08013,11.5
Broomfield,CO,8014,08014,10.9
Chaffee,CO,8015,08015,11.7
Cheyenne,CO,8017,08017,11.7
Clear Creek,CO,8019,08019,10.7
Conejos,CO,8021,08021,11.4
Costilla,CO,8023,08023,10.5
Crowley,CO,8025,08025,11.4
Custer,CO,8027,08027,11.3
Delta,CO,8029,08029,10.6
Denver,CO,8031,08031,11.3
Dolores,CO,8033,08033,11.7
Douglas,CO,8035,08035,10.1
Eagle,CO,8037,08037,12.3
Elbert,CO,8039,08039,10.3
El Paso,CO,8041,08041,11.4
Fremont,CO,8043,08043,11.4
Garfield,CO,8045,08045,12.6
Gilpin,CO,8047,08047,10.8
Grand,CO,8049,08049,12.4
Gunnison,CO,8051,08051,13.1
Hinsdale,CO,8053,08053,11.9
Huerfano,CO,8055,08055,10.9
Jackson,CO,8057,08057,11.7
Jefferson,CO,8059,08059,10.7
Kiowa,CO,8061,08061,11.4
Kit Carson,CO,8063,08063,11.6
Lake,CO,8065,08065,11.8
La Plata,CO,8067,08067,12.5
Larimer,CO,8069,08069,11.5
Las Animas,CO,8071,08071,11.5
Lincoln,CO,8073,08073,11.5
Logan,CO,8075,08075,11.6
Mesa,CO,8077,08077,11.4
Mineral,CO,8079,08079,11.6
Moffat,CO,8081,08081,12.7
Montezuma,CO,8083,08083,12.4
Montrose,CO,8085,08085,10.4
Morgan,CO,8087,08087,11.5
Otero,CO,8089,08089,11.6
Ouray,CO,8091,08091,10.7
Park,CO,8093,08093,11.7
Phillips,CO,8095,08095,11.2
Pitkin,CO,8097,08097,12.3
Prowers,CO,8099,08099,12.1
Pueblo,CO,8101,08101,11.8
Rio Blanco,CO,8103,08103,12.6
Rio Grande,CO,8105,08105,11.6
Routt,CO,8107,08107,12.8
Saguache,CO,8109,08109,11.7
San Juan,CO,8111,08111,11.9
San Miguel,CO,8113,08113,11.6
Sedgwick,CO,8115,08115,11.1
Summit,CO,8117,08117,12.4
Teller,CO,8119,08119,10.2
Washington,CO,8121,08121,11.5
Weld,CO,8123,08123,12.1
Yuma,CO,8125,08125,11.7
Fairfield,CT,9001,09001,12.4
Hartford,CT,9003,09003,11.9
Litchfield,CT,9005,09005,12.8
Middlesex,CT,9007,09007,13.2
New Haven,CT,9009,09009,12.3
New London,CT,9011,09011,13
Tolland,CT,9013,09013,13.7
Windham,CT,9015,09015,13.2
Kent,DE,10001,10001,14.6
New Castle,DE,10003,10003,13.5
Sussex,DE,10005,10005,13.3
District of Columbia,DC,11001,11001,15.3
Alachua,FL,12001,12001,16.2
Baker,FL,12003,12003,15.9
Bay,FL,12005,12005,15.9
Bradford,FL,12007,12007,16.2
Brevard,FL,12009,12009,14.1
Broward,FL,12011,12011,14.2
Calhoun,FL,12013,12013,16.7
Charlotte,FL,12015,12015,13.4
Citrus,FL,12017,12017,13
Clay,FL,12019,12019,15.9
Collier,FL,12021,12021,13.5
Columbia,FL,12023,12023,15.8
DeSoto,FL,12027,12027,15.2
Dixie,FL,12029,12029,15.6
Duval,FL,12031,12031,15.4
Escambia,FL,12033,12033,14.5
Flagler,FL,12035,12035,14.8
Franklin,FL,12037,12037,16.3
Gadsden,FL,12039,12039,16.1
Gilchrist,FL,12041,12041,15.4
Glades,FL,12043,12043,16
Gulf,FL,12045,12045,16.3
Hamilton,FL,12047,12047,17.2
Hardee,FL,12049,12049,15.8
Hendry,FL,12051,12051,16.3
Hernando,FL,12053,12053,13.2
Highlands,FL,12055,12055,14.2
Hillsborough,FL,12057,12057,14.8
Holmes,FL,12059,12059,15.8
Indian River,FL,12061,12061,13.8
Jackson,FL,12063,12063,16.6
Jefferson,FL,12065,12065,15.7
Lafayette,FL,12067,12067,17.2
Lake,FL,12069,12069,14
Lee,FL,12071,12071,14.3
Leon,FL,12073,12073,16.1
Levy,FL,12075,12075,15.7
Liberty,FL,12077,12077,17
Madison,FL,12079,12079,17.1
Manatee,FL,12081,12081,13.5
Marion,FL,12083,12083,14
Martin,FL,12085,12085,13.2
Miami-Dade,FL,12086,12086,13.3
Monroe,FL,12087,12087,14
Nassau,FL,12089,12089,15.2
Okaloosa,FL,12091,12091,15.3
Okeechobee,FL,12093,12093,16.1
Orange,FL,12095,12095,14.8
Osceola,FL,12097,12097,14.1
Palm Beach,FL,12099,12099,13.7
Pasco,FL,12101,12101,14.6
Pinellas,FL,12103,12103,14.3
Polk,FL,12105,12105,15
Putnam,FL,12107,12107,15.8
St. Johns,FL,12109,12109,13.7
St. Lucie,FL,12111,12111,14.4
Santa Rosa,FL,12113,12113,15.3
Sarasota,FL,12115,12115,13
Seminole,FL,12117,12117,14.4
Sumter,FL,12119,12119,12.1
Suwannee,FL,12121,12121,16.6
Taylor,FL,12123,12123,17
Union,FL,12125,12125,16.1
Volusia,FL,12127,12127,14.8
Wakulla,FL,12129,12129,16.4
Walton,FL,12131,12131,15.8
Washington,FL,12133,12133,15.9
Appling,GA,13001,13001,14.5
Atkinson,GA,13003,13003,13.9
Bacon,GA,13005,13005,14.5
Baker,GA,13007,13007,13.8
Baldwin,GA,13009,13009,14.9
Banks,GA,13011,13011,14.7
Barrow,GA,13013,13013,14.5
Bartow,GA,13015,13015,14.7
Ben Hill,GA,13017,13017,14.4
Berrien,GA,13019,13019,14.7
Bibb,GA,13021,13021,14.8
Bleckley,GA,13023,13023,15.2
Brantley,GA,13025,13025,14
Brooks,GA,13027,13027,13.9
Bryan,GA,13029,13029,14.4
Bulloch,GA,13031,13031,15.7
Burke,GA,13033,13033,14.3
Butts,GA,13035,13035,14
Calhoun,GA,13037,13037,14.4
Camden,GA,13039,13039,14.8
Candler,GA,13043,13043,14.5
Carroll,GA,13045,13045,14.7
Catoosa,GA,13047,13047,14.3
Charlton,GA,13049,13049,14.6
Chatham,GA,13051,13051,14.7
Chattahoochee,GA,13053,13053,15.6
Chattooga,GA,13055,13055,14
Cherokee,GA,13057,13057,13.5
Clarke,GA,13059,13059,17
Clay,GA,13061,13061,14.5
Clayton,GA,13063,13063,14.3
Clinch,GA,13065,13065,14.8
Cobb,GA,13067,13067,13.5
Coffee,GA,13069,13069,14.4
Colquitt,GA,13071,13071,14.3
Columbia,GA,13073,13073,14.5
Cook,GA,13075,13075,14.8
Coweta,GA,13077,13077,14.7
Crawford,GA,13079,13079,13.8
Crisp,GA,13081,13081,14.6
Dade,GA,13083,13083,14.2
Dawson,GA,13085,13085,13.9
Decatur,GA,13087,13087,14.4
DeKalb,GA,13089,13089,13.4
Dodge,GA,13091,13091,14.7
Dooly,GA,13093,13093,14.7
Dougherty,GA,13095,13095,15.2
Douglas,GA,13097,13097,14.6
Early,GA,13099,13099,14.6
Echols,GA,13101,13101,14.1
Effingham,GA,13103,13103,14.2
Elbert,GA,13105,13105,14.4
Emanuel,GA,13107,13107,14.8
Evans,GA,13109,13109,14.6
Fannin,GA,13111,13111,13.8
Fayette,GA,13113,13113,13.6
Floyd,GA,13115,13115,14.4
Forsyth,GA,13117,13117,13.7
Franklin,GA,13119,13119,14.4
Fulton,GA,13121,13121,13.5
Gilmer,GA,13123,13123,14.1
Glascock,GA,13125,13125,14.5
Glynn,GA,13127,13127,14
Gordon,GA,13129,13129,14.3
Grady,GA,13131,13131,14.7
Greene,GA,13133,13133,13.9
Gwinnett,GA,13135,13135,12.7
Habersham,GA,13137,13137,14
Hall,GA,13139,13139,14
Hancock,GA,13141,13141,13.8
Haralson,GA,13143,13143,14.1
Harris,GA,13145,13145,14.1
Hart,GA,13147,13147,14.2
Heard,GA,13149,13149,14.1
Henry,GA,13151,13151,14
Houston,GA,13153,13153,14.5
Irwin,GA,13155,13155,13.8
Jackson,GA,13157,13157,15
Jasper,GA,13159,13159,14.1
Jeff Davis,GA,13161,13161,14.7
Jefferson,GA,13163,13163,14.7
Jenkins,GA,13165,13165,14.6
Johnson,GA,13167,13167,13.6
Jones,GA,13169,13169,13.8
Lamar,GA,13171,13171,14.4
Lanier,GA,13173,13173,14.4
Laurens,GA,13175,13175,14.4
Lee,GA,13177,13177,14.4
Liberty,GA,13179,13179,15.5
Lincoln,GA,13181,13181,14.3
Long,GA,13183,13183,14.7
Lowndes,GA,13185,13185,15.7
Lumpkin,GA,13187,13187,15.5
McDuffie,GA,13189,13189,14.1
McIntosh,GA,13191,13191,13.4
Macon,GA,13193,13193,15
Madison,GA,13195,13195,13.9
Marion,GA,13197,13197,14.2
Meriwether,GA,13199,13199,14
Miller,GA,13201,13201,14.4
Mitchell,GA,13205,13205,14.7
Monroe,GA,13207,13207,13.6
Montgomery,GA,13209,13209,14.1
Morgan,GA,13211,13211,14.5
Murray,GA,13213,13213,14.2
Muscogee,GA,13215,13215,15.5
Newton,GA,13217,13217,14.6
Oconee,GA,13219,13219,14.1
Oglethorpe,GA,13221,13221,13.9
Paulding,GA,13223,13223,15.1
Peach,GA,13225,13225,14.8
Pickens,GA,13227,13227,13.6
Pierce,GA,13229,13229,13.8
Pike,GA,13231,13231,14.1
Polk,GA,13233,13233,14.3
Pulaski,GA,13235,13235,14.6
Putnam,GA,13237,13237,13.9
Quitman,GA,13239,13239,13.4
Rabun,GA,13241,13241,13.7
Randolph,GA,13243,13243,14.8
Richmond,GA,13245,13245,15.3
Rockdale,GA,13247,13247,14.2
Schley,GA,13249,13249,14.3
Screven,GA,13251,13251,14.4
Seminole,GA,13253,13253,14.2
Spalding,GA,13255,13255,14.4
Stephens,GA,13257,13257,14.2
Stewart,GA,13259,13259,14.2
Sumter,GA,13261,13261,15.1
Talbot,GA,13263,13263,14.8
Taliaferro,GA,13265,13265,14.2
Tattnall,GA,13267,13267,14.5
Taylor,GA,13269,13269,14.9
Telfair,GA,13271,13271,14.1
Terrell,GA,13273,13273,14
Thomas,GA,13275,13275,14.6
Tift,GA,13277,13277,14.6
Toombs,GA,13279,13279,14.2
Towns,GA,13281,13281,13.4
Treutlen,GA,13283,13283,14.8
Troup,GA,13285,13285,14.7
Turner,GA,13287,13287,14.7
Twiggs,GA,13289,13289,13.6
Union,GA,13291,13291,13.3
Upson,GA,13293,13293,14.1
Walker,GA,13295,13295,14.1
Walton,GA,13297,13297,14.1
Ware,GA,13299,13299,14.1
Warren,GA,13301,13301,14.5
Washington,GA,13303,13303,14.7
Wayne,GA,13305,13305,14.2
Webster,GA,13307,13307,14.7
Wheeler,GA,13309,13309,14.3
White,GA,13311,13311,14.3
Whitfield,GA,13313,13313,14.7
Wilcox,GA,13315,13315,14.2
Wilkes,GA,13317,13317,14.2
Wilkinson,GA,13319,13319,14.3
Worth,GA,13321,13321,14.2
Hawaii,HI,15001,15001,12.1
Honolulu,HI,15003,15003,10
Kalawao,HI,15005,15005,12.2
Kauai,HI,15007,15007,11.2
Maui,HI,15009,15009,11.6
Ada,ID,16001,16001,13.6
Adams,ID,16003,16003,12.6
Bannock,ID,16005,16005,14.3
Bear Lake,ID,16007,16007,13.1
Benewah,ID,16009,16009,13.4
Bingham,ID,16011,16011,13.8
Blaine,ID,16013,16013,13.3
Boise,ID,16015,16015,12.2
Bonner,ID,16017,16017,13
Bonneville,ID,16019,16019,13.7
Boundary,ID,16021,16021,13
Butte,ID,16023,16023,12.8
Camas,ID,16025,16025,13.1
Canyon,ID,16027,16027,13.2
Caribou,ID,16029,16029,13.4
Cassia,ID,16031,16031,12.8
Clark,ID,16033,16033,12.6
Clearwater,ID,16035,16035,12.5
Custer,ID,16037,16037,12.6
Elmore,ID,16039,16039,13.7
Franklin,ID,16041,16041,13
Fremont,ID,16043,16043,12.9
Gem,ID,16045,16045,12.4
Gooding,ID,16047,16047,13.1
Idaho,ID,16049,16049,12.7
Jefferson,ID,16051,16051,13.5
Jerome,ID,16053,16053,12.9
Kootenai,ID,16055,16055,13.4
Latah,ID,16057,16057,14.5
Lemhi,ID,16059,16059,12.5
Lewis,ID,16061,16061,12.8
Lincoln,ID,16063,16063,13.4
Madison,ID,16065,16065,16.6
Minidoka,ID,16067,16067,12.4
Nez Perce,ID,16069,16069,13.2
Oneida,ID,16071,16071,13.2
Owyhee,ID,16073,16073,12.6
Payette,ID,16075,16075,12.9
Power,ID,16077,16077,12.8
Shoshone,ID,16079,16079,12.9
Teton,ID,16081,16081,13.5
Twin Falls,ID,16083,16083,13.1
Valley,ID,16085,16085,12.9
Washington,ID,16087,16087,12.6
Adams,IL,17001,17001,12.5
Alexander,IL,17003,17003,12.5
Bond,IL,17005,17005,11.8
Boone,IL,17007,17007,12.3
Brown,IL,17009,17009,12.7
Bureau,IL,17011,17011,11.5
Calhoun,IL,17013,17013,11.7
Carroll,IL,17015,17015,11.9
Cass,IL,17017,17017,12.6
Champaign,IL,17019,17019,14
Christian,IL,17021,17021,12.6
Clark,IL,17023,17023,12.9
Clay,IL,17025,17025,12.9
Clinton,IL,17027,17027,11.8
Coles,IL,17029,17029,14.1
Cook,IL,17031,17031,11.9
Crawford,IL,17033,17033,12.9
Cumberland,IL,17035,17035,12.4
DeKalb,IL,17037,17037,13.1
De Witt,IL,17039,17039,13.1
Douglas,IL,17041,17041,13
DuPage,IL,17043,17043,11.4
Edgar,IL,17045,17045,12.8
Edwards,IL,17047,17047,12.9
Effingham,IL,17049,17049,12
Fayette,IL,17051,17051,12.2
Ford,IL,17053,17053,12.1
Franklin,IL,17055,17055,12.7
Fulton,IL,17057,17057,12
Gallatin,IL,17059,17059,12.8
Greene,IL,17061,17061,12.7
Grundy,IL,17063,17063,12.7
Hamilton,IL,17065,17065,12.2
Hancock,IL,17067,17067,12.3
Hardin,IL,17069,17069,12.7
Henderson,IL,17071,17071,11.5
Henry,IL,17073,17073,11.8
Iroquois,IL,17075,17075,12.7
Jackson,IL,17077,17077,13.8
Jasper,IL,17079,17079,12.9
Jefferson,IL,17081,17081,11.8
Jersey,IL,17083,17083,12.4
Jo Daviess,IL,17085,17085,11.9
Johnson,IL,17087,17087,12.8
Kane,IL,17089,17089,11.8
Kankakee,IL,17091,17091,13.1
Kendall,IL,17093,17093,13.1
Knox,IL,17095,17095,11.8
Lake,IL,17097,17097,11.3
LaSalle,IL,17099,17099,12.2
Lawrence,IL,17101,17101,12.9
Lee,IL,17103,17103,12
Livingston,IL,17105,17105,12.7
Logan,IL,17107,17107,13
McDonough,IL,17109,17109,13.6
McHenry,IL,17111,17111,12
McLean,IL,17113,17113,13.9
Macon,IL,17115,17115,12.7
Macoupin,IL,17117,17117,12.2
Madison,IL,17119,17119,12.5
Marion,IL,17121,17121,11.8
Marshall,IL,17123,17123,11.2
Mason,IL,17125,17125,12.4
Massac,IL,17127,17127,12.4
Menard,IL,17129,17129,12.5
Mercer,IL,17131,17131,11.8
Monroe,IL,17133,17133,11.9
Montgomery,IL,17135,17135,12.1
Morgan,IL,17137,17137,12.6
Moultrie,IL,17139,17139,13.1
Ogle,IL,17141,17141,13.2
Peoria,IL,17143,17143,12.5
Perry,IL,17145,17145,12.8
Piatt,IL,17147,17147,12.4
Pike,IL,17149,17149,12.4
Pope,IL,17151,17151,12.7
Pulaski,IL,17153,17153,13.1
Putnam,IL,17155,17155,11.3
Randolph,IL,17157,17157,12
Richland,IL,17159,17159,12.8
Rock Island,IL,17161,17161,11.4
St. Clair,IL,17163,17163,12.1
Saline,IL,17165,17165,12.7
Sangamon,IL,17167,17167,13.1
Schuyler,IL,17169,17169,12.3
Scott,IL,17171,17171,12
Shelby,IL,17173,17173,12.9
Stark,IL,17175,17175,11.1
Stephenson,IL,17177,17177,13
Tazewell,IL,17179,17179,12.7
Union,IL,17181,17181,13
Vermilion,IL,17183,17183,12.7
Wabash,IL,17185,17185,13.1
Warren,IL,17187,17187,12.1
Washington,IL,17189,17189,12
Wayne,IL,17191,17191,12.7
White,IL,17193,17193,12.7
Whiteside,IL,17195,17195,11.9
Will,IL,17197,17197,11.6
Williamson,IL,17199,17199,12.5
Winnebago,IL,17201,17201,12.7
Woodford,IL,17203,17203,11.6
Adams,IN,18001,18001,14.4
Allen,IN,18003,18003,14.1
Bartholomew,IN,18005,18005,14.9
Benton,IN,18007,18007,14.3
Blackford,IN,18009,18009,14.5
Boone,IN,18011,18011,12.7
Brown,IN,18013,18013,14.1
Carroll,IN,18015,18015,14.2
Cass,IN,18017,18017,14.4
Clark,IN,18019,18019,14.9
Clay,IN,18021,18021,14.1
Clinton,IN,18023,18023,14.7
Crawford,IN,18025,18025,14.6
Daviess,IN,18027,18027,15.3
Dearborn,IN,18029,18029,14.7
Decatur,IN,18031,18031,14.8
DeKalb,IN,18033,18033,14.8
Delaware,IN,18035,18035,15.9
Dubois,IN,18037,18037,14.2
Elkhart,IN,18039,18039,14.7
Fayette,IN,18041,18041,14.3
Floyd,IN,18043,18043,14.9
Fountain,IN,18045,18045,14.4
Franklin,IN,18047,18047,14.5
Fulton,IN,18049,18049,14.8
Gibson,IN,18051,18051,14.2
Grant,IN,18053,18053,14.9
Greene,IN,18055,18055,14.8
Hamilton,IN,18057,18057,13.5
Hancock,IN,18059,18059,14.5
Harrison,IN,18061,18061,14.4
Hendricks,IN,18063,18063,14.9
Henry,IN,18065,18065,14.1
Howard,IN,18067,18067,14.8
Huntington,IN,18069,18069,14.6
Jackson,IN,18071,18071,15.1
Jasper,IN,18073,18073,14.4
Jay,IN,18075,18075,14.7
Jefferson,IN,18077,18077,15.1
Jennings,IN,18079,18079,15
Johnson,IN,18081,18081,14.5
Knox,IN,18083,18083,14.7
Kosciusko,IN,18085,18085,14.9
LaGrange,IN,18087,18087,15.5
Lake,IN,18089,18089,13.7
LaPorte,IN,18091,18091,14.4
Lawrence,IN,18093,18093,15.1
Madison,IN,18095,18095,14.9
Marion,IN,18097,18097,15.5
Marshall,IN,18099,18099,14.6
Martin,IN,18101,18101,15.5
Miami,IN,18103,18103,14.5
Monroe,IN,18105,18105,16.5
Montgomery,IN,18107,18107,14.7
Morgan,IN,18109,18109,15
Newton,IN,18111,18111,14
Noble,IN,18113,18113,14.8
Ohio,IN,18115,18115,14.3
Orange,IN,18117,18117,15.6
Owen,IN,18119,18119,14.9
Parke,IN,18121,18121,15
Perry,IN,18123,18123,14.5
Pike,IN,18125,18125,13.7
Porter,IN,18127,18127,14.8
Posey,IN,18129,18129,14.3
Pulaski,IN,18131,18131,14.8
Putnam,IN,18133,18133,14.9
Randolph,IN,18135,18135,14.5
Ripley,IN,18137,18137,15.2
Rush,IN,18139,18139,14.8
St. Joseph,IN,18141,18141,14.8
Scott,IN,18143,18143,15
Shelby,IN,18145,18145,14.4
Spencer,IN,18147,18147,14.5
Starke,IN,18149,18149,15
Steuben,IN,18151,18151,14.7
Sullivan,IN,18153,18153,13.9
Switzerland,IN,18155,18155,15.3
Tippecanoe,IN,18157,18157,15.8
Tipton,IN,18159,18159,14
Union,IN,18161,18161,15
Vanderburgh,IN,18163,18163,15.1
Vermillion,IN,18165,18165,13.8
Vigo,IN,18167,18167,15.4
Wabash,IN,18169,18169,14.3
Warren,IN,18171,18171,14.5
Warrick,IN,18173,18173,14.6
Washington,IN,18175,18175,14.4
Wayne,IN,18177,18177,14.7
Wells,IN,18179,18179,14
White,IN,18181,18181,14.8
Whitley,IN,18183,18183,14.1
Adair,IA,19001,19001,10.5
Adams,IA,19003,19003,10.5
Allamakee,IA,19005,19005,10.2
Appanoose,IA,19007,19007,10.7
Audubon,IA,19009,19009,10.3
Benton,IA,19011,19011,10.1
Black Hawk,IA,19013,19013,11.5
Boone,IA,19015,19015,10.5
Bremer,IA,19017,19017,10.3
Buchanan,IA,19019,19019,10.8
Buena Vista,IA,19021,19021,10.1
Butler,IA,19023,19023,10.4
Calhoun,IA,19025,19025,10.1
Carroll,IA,19027,19027,10.5
Cass,IA,19029,19029,10.5
Cedar,IA,19031,19031,10.7
Cerro Gordo,IA,19033,19033,10.4
Cherokee,IA,19035,19035,10.2
Chickasaw,IA,19037,19037,10.2
Clarke,IA,19039,19039,10.8
Clay,IA,19041,19041,10
Clayton,IA,19043,19043,10.3
Clinton,IA,19045,19045,10.7
Crawford,IA,19047,19047,10.4
Dallas,IA,19049,19049,10.6
Davis,IA,19051,19051,10.7
Decatur,IA,19053,19053,11.2
Delaware,IA,19055,19055,10.6
Des Moines,IA,19057,19057,10.7
Dickinson,IA,19059,19059,9.6
Dubuque,IA,19061,19061,11
Emmet,IA,19063,19063,10.3
Fayette,IA,19065,19065,10.4
Floyd,IA,19067,19067,10.3
Franklin,IA,19069,19069,10.3
Fremont,IA,19071,19071,10.5
Greene,IA,19073,19073,10.3
Grundy,IA,19075,19075,9.9
Guthrie,IA,19077,19077,9.9
Hamilton,IA,19079,19079,10.4
Hancock,IA,19081,19081,10.3
Hardin,IA,19083,19083,10.4
Harrison,IA,19085,19085,10.2
Henry,IA,19087,19087,10.7
Howard,IA,19089,19089,10.3
Humboldt,IA,19091,19091,10.4
Ida,IA,19093,19093,10.3
Iowa,IA,19095,19095,10.5
Jackson,IA,19097,19097,10.5
Jasper,IA,19099,19099,10.5
Jefferson,IA,19101,19101,10.3
Johnson,IA,19103,19103,12
Jones,IA,19105,19105,10
Keokuk,IA,19107,19107,10.5
Kossuth,IA,19109,19109,10.1
Lee,IA,19111,19111,10.5
Linn,IA,19113,19113,10.9
Louisa,IA,19115,19115,10.1
Lucas,IA,19117,19117,10.6
Lyon,IA,19119,19119,10.4
Madison,IA,19121,19121,10.1
Mahaska,IA,19123,19123,10.5
Marion,IA,19125,19125,10.5
Marshall,IA,19127,19127,10.2
Mills,IA,19129,19129,10.4
Mitchell,IA,19131,19131,10.2
Monona,IA,19133,19133,10.1
Monroe,IA,19135,19135,10.7
Montgomery,IA,19137,19137,10.5
Muscatine,IA,19139,19139,10.7
O'Brien,IA,19141,19141,10.1
Osceola,IA,19143,19143,10.1
Page,IA,19145,19145,10.5
Palo Alto,IA,19147,19147,10.2
Plymouth,IA,19149,19149,10.6
Pocahontas,IA,19151,19151,10.2
Polk,IA,19153,19153,11
Pottawattamie,IA,19155,19155,11.2
Poweshiek,IA,19157,19157,10.8
Ringgold,IA,19159,19159,10.3
Sac,IA,19161,19161,10.1
Scott,IA,19163,19163,11
Shelby,IA,19165,19165,10.4
Sioux,IA,19167,19167,10.9
Story,IA,19169,19169,11.9
Tama,IA,19171,19171,10.7
Taylor,IA,19173,19173,10.4
Union,IA,19175,19175,10.9
Van Buren,IA,19177,19177,10.4
Wapello,IA,19179,19179,10.6
Warren,IA,19181,19181,10.4
Washington,IA,19183,19183,10
Wayne,IA,19185,19185,10.5
Webster,IA,19187,19187,10.6
Winnebago,IA,19189,19189,10.5
Winneshiek,IA,19191,19191,11
Woodbury,IA,19193,19193,11.2
Worth,IA,19195,19195,9.9
Wright,IA,19197,19197,10.2
Allen,KS,20001,20001,13.5
Anderson,KS,20003,20003,13.1
Atchison,KS,20005,20005,13.9
Barber,KS,20007,20007,13.3
Barton,KS,20009,20009,13.3
Bourbon,KS,20011,20011,13.6
Brown,KS,20013,20013,12.8
Butler,KS,20015,20015,12.1
Chase,KS,20017,20017,12
Chautauqua,KS,20019,20019,12.8
Cherokee,KS,20021,20021,13.8
Cheyenne,KS,20023,20023,12
Clark,KS,20025,20025,12.8
Clay,KS,20027,20027,13
Cloud,KS,20029,20029,13.4
Coffey,KS,20031,20031,13.2
Comanche,KS,20033,20033,12.8
Cowley,KS,20035,20035,13.3
Crawford,KS,20037,20037,14
Decatur,KS,20039,20039,12.1
Dickinson,KS,20041,20041,13.4
Doniphan,KS,20043,20043,13.1
Douglas,KS,20045,20045,15.4
Edwards,KS,20047,20047,13
Elk,KS,20049,20049,12.6
Ellis,KS,20051,20051,13.9
Ellsworth,KS,20053,20053,13
Finney,KS,20055,20055,13.6
Ford,KS,20057,20057,13.2
Franklin,KS,20059,20059,13.2
Geary,KS,20061,20061,14.1
Gove,KS,20063,20063,12.3
Graham,KS,20065,20065,12.6
Grant,KS,20067,20067,13.6
Gray,KS,20069,20069,13.8
Greeley,KS,20071,20071,12.7
Greenwood,KS,20073,20073,12.7
Hamilton,KS,20075,20075,13.5
Harper,KS,20077,20077,13.1
Harvey,KS,20079,20079,11.5
Haskell,KS,20081,20081,13.8
Hodgeman,KS,20083,20083,12.8
Jackson,KS,20085,20085,12.2
Jefferson,KS,20087,20087,12.8
Jewell,KS,20089,20089,12.2
Johnson,KS,20091,20091,12.2
Kearny,KS,20093,20093,13.5
Kingman,KS,20095,20095,13.3
Kiowa,KS,20097,20097,13.7
Labette,KS,20099,20099,13.3
Lane,KS,20101,20101,12.7
Leavenworth,KS,20103,20103,13.2
Lincoln,KS,20105,20105,12.8
Linn,KS,20107,20107,12.4
Logan,KS,20109,20109,12.8
Lyon,KS,20111,20111,13.8
McPherson,KS,20113,20113,13
Marion,KS,20115,20115,13
Marshall,KS,20117,20117,13
Meade,KS,20119,20119,13.1
Miami,KS,20121,20121,13.1
Mitchell,KS,20123,20123,13
Montgomery,KS,20125,20125,13.4
Morris,KS,20127,20127,12.7
Morton,KS,20129,20129,13.2
Nemaha,KS,20131,20131,12.9
Neosho,KS,20133,20133,13.4
Ness,KS,20135,20135,12.3
Norton,KS,20137,20137,12.7
Osage,KS,20139,20139,11.7
Osborne,KS,20141,20141,12.4
Ottawa,KS,20143,20143,12.5
Pawnee,KS,20145,20145,13.3
Phillips,KS,20147,20147,12.7
Pottawatomie,KS,20149,20149,13.1
Pratt,KS,20151,20151,13.7
Rawlins,KS,20153,20153,12.1
Reno,KS,20155,20155,13.4
Republic,KS,20157,20157,12.3
Rice,KS,20159,20159,13.5
Riley,KS,20161,20161,15.7
Rooks,KS,20163,20163,12.9
Rush,KS,20165,20165,12.9
Russell,KS,20167,20167,12.6
Saline,KS,20169,20169,13.5
Scott,KS,20171,20171,12.8
Sedgwick,KS,20173,20173,12.8
Seward,KS,20175,20175,13.3
Shawnee,KS,20177,20177,13
Sheridan,KS,20179,20179,12.4
Sherman,KS,20181,20181,13.1
Smith,KS,20183,20183,12.2
Stafford,KS,20185,20185,13.1
Stanton,KS,20187,20187,13.1
Stevens,KS,20189,20189,13.5
Sumner,KS,20191,20191,13.1
Thomas,KS,20193,20193,13.9
Trego,KS,20195,20195,12.5
Wabaunsee,KS,20197,20197,11.7
Wallace,KS,20199,20199,12.6
Washington,KS,20201,20201,12.7
Wichita,KS,20203,20203,12.5
Wilson,KS,20205,20205,13.1
Woodson,KS,20207,20207,12.7
Wyandotte,KS,20209,20209,14.3
Adair,KY,21001,21001,17.4
Allen,KY,21003,21003,17
Anderson,KY,21005,21005,16.5
Ballard,KY,21007,21007,15.6
Barren,KY,21009,21009,16.3
Bath,KY,21011,21011,16.9
Bell,KY,21013,21013,16.4
Boone,KY,21015,21015,17.1
Bourbon,KY,21017,21017,16.1
Boyd,KY,21019,21019,16.5
Boyle,KY,21021,21021,16.9
Bracken,KY,21023,21023,17.1
Breathitt,KY,21025,21025,17
Breckinridge,KY,21027,21027,17
Bullitt,KY,21029,21029,16.7
Butler,KY,21031,21031,16.8
Caldwell,KY,21033,21033,16.6
Calloway,KY,21035,21035,17.4
Campbell,KY,21037,21037,17
Carlisle,KY,21039,21039,16.2
Carroll,KY,21041,21041,17
Carter,KY,21043,21043,17.1
Casey,KY,21045,21045,16.9
Christian,KY,21047,21047,16.9
Clark,KY,21049,21049,16.4
Clay,KY,21051,21051,17.5
Clinton,KY,21053,21053,16.8
Crittenden,KY,21055,21055,16.6
Cumberland,KY,21057,21057,16.6
Daviess,KY,21059,21059,16.4
Edmonson,KY,21061,21061,15.9
Elliott,KY,21063,21063,16.7
Estill,KY,21065,21065,17
Fayette,KY,21067,21067,16.7
Fleming,KY,21069,21069,17.7
Floyd,KY,21071,21071,17.5
Franklin,KY,21073,21073,16.8
Fulton,KY,21075,21075,15.6
Gallatin,KY,21077,21077,16.5
Garrard,KY,21079,21079,17.3
Grant,KY,21081,21081,16.6
Graves,KY,21083,21083,16
Grayson,KY,21085,21085,17.1
Green,KY,21087,21087,16.8
Greenup,KY,21089,21089,16.3
Hancock,KY,21091,21091,15.8
Hardin,KY,21093,21093,17.3
Harlan,KY,21095,21095,16.9
Harrison,KY,21097,21097,17.1
Hart,KY,21099,21099,16.9
Henderson,KY,21101,21101,16.6
Henry,KY,21103,21103,16.6
Hickman,KY,21105,21105,16
Hopkins,KY,21107,21107,16.5
Jackson,KY,21109,21109,17.4
Jefferson,KY,21111,21111,16.9
Jessamine,KY,21113,21113,17.1
Johnson,KY,21115,21115,17.3
Kenton,KY,21117,21117,16.7
Knott,KY,21119,21119,17.1
Knox,KY,21121,21121,17
Larue,KY,21123,21123,16
Laurel,KY,21125,21125,17.1
Lawrence,KY,21127,21127,17.2
Lee,KY,21129,21129,16.8
Leslie,KY,21131,21131,17
Letcher,KY,21133,21133,16.9
Lewis,KY,21135,21135,16.9
Lincoln,KY,21137,21137,16.5
Livingston,KY,21139,21139,15.8
Logan,KY,21141,21141,16.8
Lyon,KY,21143,21143,15.6
McCracken,KY,21145,21145,16.2
McCreary,KY,21147,21147,17.3
McLean,KY,21149,21149,15.8
Madison,KY,21151,21151,18
Magoffin,KY,21153,21153,17.5
Marion,KY,21155,21155,17
Marshall,KY,21157,21157,16.2
Martin,KY,21159,21159,17.4
Mason,KY,21161,21161,17.2
Meade,KY,21163,21163,17
Menifee,KY,21165,21165,16.8
Mercer,KY,21167,21167,16.9
Metcalfe,KY,21169,21169,15.9
Monroe,KY,21171,21171,16.5
Montgomery,KY,21173,21173,17.5
Morgan,KY,21175,21175,17.7
Muhlenberg,KY,21177,21177,16.4
Nelson,KY,21179,21179,16.5
Nicholas,KY,21181,21181,17
Ohio,KY,21183,21183,16.8
Oldham,KY,21185,21185,17
Owen,KY,21187,21187,16.9
Owsley,KY,21189,21189,16.7
Pendleton,KY,21191,21191,16.4
Perry,KY,21193,21193,17.1
Pike,KY,21195,21195,17.4
Powell,KY,21197,21197,17.3
Pulaski,KY,21199,21199,16.4
Robertson,KY,21201,21201,17.3
Rockcastle,KY,21203,21203,16.4
Rowan,KY,21205,21205,19.2
Russell,KY,21207,21207,16.7
Scott,KY,21209,21209,17.1
Shelby,KY,21211,21211,16.6
Simpson,KY,21213,21213,17
Spencer,KY,21215,21215,16.3
Taylor,KY,21217,21217,16.8
Todd,KY,21219,21219,16.8
Trigg,KY,21221,21221,15.3
Trimble,KY,21223,21223,16.6
Union,KY,21225,21225,17.3
Warren,KY,21227,21227,17.7
Washington,KY,21229,21229,16.8
Wayne,KY,21231,21231,16.9
Webster,KY,21233,21233,16
Whitley,KY,21235,21235,16.7
Wolfe,KY,21237,21237,16.7
Woodford,KY,21239,21239,16.3
Acadia,LA,22001,22001,16
Allen,LA,22003,22003,16.2
Ascension,LA,22005,22005,15.8
Assumption,LA,22007,22007,15.7
Avoyelles,LA,22009,22009,16.2
Beauregard,LA,22011,22011,15.9
Bienville,LA,22013,22013,15.4
Bossier,LA,22015,22015,16
Caddo,LA,22017,22017,15.5
Calcasieu,LA,22019,22019,16.1
Caldwell,LA,22021,22021,15.7
Cameron,LA,22023,22023,15.2
Catahoula,LA,22025,22025,16
Claiborne,LA,22027,22027,15.3
Concordia,LA,22029,22029,15.6
De Soto,LA,22031,22031,15
East Baton Rouge,LA,22033,22033,16.1
East Carroll,LA,22035,22035,16.2
East Feliciana,LA,22037,22037,15.1
Evangeline,LA,22039,22039,16
Franklin,LA,22041,22041,15.8
Grant,LA,22043,22043,15.3
Iberia,LA,22045,22045,16
Iberville,LA,22047,22047,15.5
Jackson,LA,22049,22049,14.9
Jefferson,LA,22051,22051,15.2
Jefferson Davis,LA,22053,22053,15.4
Lafayette,LA,22055,22055,15.8
Lafourche,LA,22057,22057,16.2
La Salle,LA,22059,22059,16
Lincoln,LA,22061,22061,16.7
Livingston,LA,22063,22063,15.9
Madison,LA,22065,22065,16
Morehouse,LA,22067,22067,15.5
Natchitoches,LA,22069,22069,16.3
Orleans,LA,22071,22071,16.5
Ouachita,LA,22073,22073,16.1
Plaquemines,LA,22075,22075,15.9
Pointe Coupee,LA,22077,22077,15
Rapides,LA,22079,22079,16
Red River,LA,22081,22081,15.8
Richland,LA,22083,22083,16
Sabine,LA,22085,22085,15.9
St. Bernard,LA,22087,22087,16.3
St. Charles,LA,22089,22089,15.6
St. Helena,LA,22091,22091,15.2
St. James,LA,22093,22093,16.3
St. John the Baptist,LA,22095,22095,15.7
St. Landry,LA,22097,22097,15.6
St. Martin,LA,22099,22099,16
St. Mary,LA,22101,22101,15.7
St. Tammany,LA,22103,22103,14.9
Tangipahoa,LA,22105,22105,16.7
Tensas,LA,22107,22107,15.7
Terrebonne,LA,22109,22109,16.6
Union,LA,22111,22111,14.9
Vermilion,LA,22113,22113,15.8
Vernon,LA,22115,22115,16.6
Washington,LA,22117,22117,15.9
Webster,LA,22119,22119,15.3
West Baton Rouge,LA,22121,22121,16
West Carroll,LA,22123,22123,15.5
West Feliciana,LA,22125,22125,14.6
Winn,LA,22127,22127,16
Androscoggin,ME,23001,23001,15.5
Aroostook,ME,23003,23003,14.5
Cumberland,ME,23005,23005,15
Franklin,ME,23007,23007,15.3
Hancock,ME,23009,23009,14.6
Kennebec,ME,23011,23011,14.9
Knox,ME,23013,23013,14.2
Lincoln,ME,23015,23015,14.2
Oxford,ME,23017,23017,14.8
Penobscot,ME,23019,23019,15.1
Piscataquis,ME,23021,23021,14.3
Sagadahoc,ME,23023,23023,14.2
Somerset,ME,23025,23025,14.9
Waldo,ME,23027,23027,14.8
Washington,ME,23029,23029,14.6
York,ME,23031,23031,14.8
Allegany,MD,24001,24001,13.1
Anne Arundel,MD,24003,24003,12.6
Baltimore,MD,24005,24005,12.1
Calvert,MD,24009,24009,13.2
Caroline,MD,24011,24011,14.1
Carroll,MD,24013,24013,13.1
Cecil,MD,24015,24015,13.7
Charles,MD,24017,24017,13.5
Dorchester,MD,24019,24019,13.3
Frederick,MD,24021,24021,12.4
Garrett,MD,24023,24023,13.3
Harford,MD,24025,24025,12.3
Howard,MD,24027,24027,11.8
Kent,MD,24029,24029,13.6
Montgomery,MD,24031,24031,11.4
Prince George's,MD,24033,24033,13.1
Queen Anne's,MD,24035,24035,13.1
St. Mary's,MD,24037,24037,13.7
Somerset,MD,24039,24039,13.7
Talbot,MD,24041,24041,12.6
Washington,MD,24043,24043,13.5
Wicomico,MD,24045,24045,14
Worcester,MD,24047,24047,12.6
Baltimore City,MD,24510,24510,14.4
Barnstable,MA,25001,25001,13.4
Berkshire,MA,25003,25003,15
Bristol,MA,25005,25005,15.7
Dukes,MA,25007,25007,15
Essex,MA,25009,25009,14.3
Franklin,MA,25011,25011,14.9
Hampden,MA,25013,25013,14.6
Hampshire,MA,25015,25015,16.1
Middlesex,MA,25017,25017,14.1
Nantucket,MA,25019,25019,15.3
Norfolk,MA,25021,25021,14.4
Plymouth,MA,25023,25023,14.3
Suffolk,MA,25025,25025,15.4
Worcester,MA,25027,25027,14.5
Alcona,MI,26001,26001,13.4
Alger,MI,26003,26003,14.9
Allegan,MI,26005,26005,15
Alpena,MI,26007,26007,14.5
Antrim,MI,26009,26009,14.6
Arenac,MI,26011,26011,15.1
Baraga,MI,26013,26013,15.7
Barry,MI,26015,26015,14.8
Bay,MI,26017,26017,15.3
Benzie,MI,26019,26019,14
Berrien,MI,26021,26021,14.7
Branch,MI,26023,26023,15.2
Calhoun,MI,26025,26025,15.5
Cass,MI,26027,26027,15.1
Charlevoix,MI,26029,26029,15
Cheboygan,MI,26031,26031,14.7
Chippewa,MI,26033,26033,16.5
Clare,MI,26035,26035,15.1
Clinton,MI,26037,26037,15.5
Crawford,MI,26039,26039,14.6
Delta,MI,26041,26041,15
Dickinson,MI,26043,26043,14.4
Eaton,MI,26045,26045,15.3
Emmet,MI,26047,26047,15.5
Genesee,MI,26049,26049,14.8
Gladwin,MI,26051,26051,14.8
Gogebic,MI,26053,26053,14.6
Grand Traverse,MI,26055,26055,15.1
Gratiot,MI,26057,26057,15.2
Hillsdale,MI,26059,26059,15.8
Houghton,MI,26061,26061,15.4
Huron,MI,26063,26063,14.5
Ingham,MI,26065,26065,15.2
Ionia,MI,26067,26067,15.3
Iosco,MI,26069,26069,14.5
Iron,MI,26071,26071,14
Isabella,MI,26073,26073,17.7
Jackson,MI,26075,26075,15.4
Kalamazoo,MI,26077,26077,15.7
Kalkaska,MI,26079,26079,14.5
Kent,MI,26081,26081,14.6
Keweenaw,MI,26083,26083,13.4
Lake,MI,26085,26085,14.7
Lapeer,MI,26087,26087,14
Leelanau,MI,26089,26089,13.7
Lenawee,MI,26091,26091,15.3
Livingston,MI,26093,26093,15
Luce,MI,26095,26095,15.2
Mackinac,MI,26097,26097,15.8
Macomb,MI,26099,26099,14.6
Manistee,MI,26101,26101,14.8
Marquette,MI,26103,26103,15.7
Mason,MI,26105,26105,15.2
Mecosta,MI,26107,26107,16.3
Menominee,MI,26109,26109,14.6
Midland,MI,26111,26111,15.4
Missaukee,MI,26113,26113,14.3
Monroe,MI,26115,26115,15.1
Montcalm,MI,26117,26117,15.8
Montmorency,MI,26119,26119,13.9
Muskegon,MI,26121,26121,15.7
Newaygo,MI,26123,26123,14.8
Oakland,MI,26125,26125,13.9
Oceana,MI,26127,26127,15.2
Ogemaw,MI,26129,26129,14.9
Ontonagon,MI,26131,26131,13.9
Osceola,MI,26133,26133,15.6
Oscoda,MI,26135,26135,14.3
Otsego,MI,26137,26137,15.1
Ottawa,MI,26139,26139,14.7
Presque Isle,MI,26141,26141,13.9
Roscommon,MI,26143,26143,14.2
Saginaw,MI,26145,26145,15.2
St. Clair,MI,26147,26147,15.2
St. Joseph,MI,26149,26149,15.2
Sanilac,MI,26151,26151,15
Schoolcraft,MI,26153,26153,15.3
Shiawassee,MI,26155,26155,14.6
Tuscola,MI,26157,26157,15.2
Van Buren,MI,26159,26159,15
Washtenaw,MI,26161,26161,15.1
Wayne,MI,26163,26163,15.1
Wexford,MI,26165,26165,15
Aitkin,MN,27001,27001,10.1
Anoka,MN,27003,27003,10.7
Becker,MN,27005,27005,11.4
Beltrami,MN,27007,27007,12.5
Benton,MN,27009,27009,11.4
Big Stone,MN,27011,27011,10.5
Blue Earth,MN,27013,27013,12.3
Brown,MN,27015,27015,11
Carlton,MN,27017,27017,10.7
Carver,MN,27019,27019,11.1
Cass,MN,27021,27021,10.5
Chippewa,MN,27023,27023,10.9
Chisago,MN,27025,27025,11
Clay,MN,27027,27027,11.7
Clearwater,MN,27029,27029,11.4
Cook,MN,27031,27031,11.1
Cottonwood,MN,27033,27033,10.7
Crow Wing,MN,27035,27035,10.8
Dakota,MN,27037,27037,10.4
Dodge,MN,27039,27039,10.6
Douglas,MN,27041,27041,10.8
Faribault,MN,27043,27043,10.8
Fillmore,MN,27045,27045,10.8
Freeborn,MN,27047,27047,10.2
Goodhue,MN,27049,27049,11
Grant,MN,27051,27051,10.7
Hennepin,MN,27053,27053,9.9
Houston,MN,27055,27055,10.7
Hubbard,MN,27057,27057,10.8
Isanti,MN,27059,27059,11
Itasca,MN,27061,27061,10.9
Jackson,MN,27063,27063,10.9
Kanabec,MN,27065,27065,11.2
Kandiyohi,MN,27067,27067,10.9
Kittson,MN,27069,27069,10.2
Koochiching,MN,27071,27071,10.9
Lac qui Parle,MN,27073,27073,10.4
Lake,MN,27075,27075,10.6
Lake of the Woods,MN,27077,27077,10.6
Le Sueur,MN,27079,27079,11.3
Lincoln,MN,27081,27081,10.4
Lyon,MN,27083,27083,11.3
McLeod,MN,27085,27085,10.9
Mahnomen,MN,27087,27087,13.4
Marshall,MN,27089,27089,10.5
Martin,MN,27091,27091,10.6
Meeker,MN,27093,27093,11
Mille Lacs,MN,27095,27095,11.6
Morrison,MN,27097,27097,11.2
Mower,MN,27099,27099,10.4
Murray,MN,27101,27101,10.7
Nicollet,MN,27103,27103,11.8
Nobles,MN,27105,27105,10.5
Norman,MN,27107,27107,10.5
Olmsted,MN,27109,27109,11.4
Otter Tail,MN,27111,27111,10.5
Pennington,MN,27113,27113,11.2
Pine,MN,27115,27115,11.3
Pipestone,MN,27117,27117,11.1
Polk,MN,27119,27119,10.8
Pope,MN,27121,27121,10.8
Ramsey,MN,27123,27123,10.5
Red Lake,MN,27125,27125,10.8
Redwood,MN,27127,27127,10.9
Renville,MN,27129,27129,10.8
Rice,MN,27131,27131,11.5
Rock,MN,27133,27133,11
Roseau,MN,27135,27135,11
St. Louis,MN,27137,27137,11.4
Scott,MN,27139,27139,11.1
Sherburne,MN,27141,27141,11.1
Sibley,MN,27143,27143,11
Stearns,MN,27145,27145,11.6
Steele,MN,27147,27147,10.6
Stevens,MN,27149,27149,12
Swift,MN,27151,27151,10.8
Todd,MN,27153,27153,11
Traverse,MN,27155,27155,10.5
Wabasha,MN,27157,27157,10.4
Wadena,MN,27159,27159,10.8
Waseca,MN,27161,27161,11.5
Washington,MN,27163,27163,10
Watonwan,MN,27165,27165,10.8
Wilkin,MN,27167,27167,10.5
Winona,MN,27169,27169,12
Wright,MN,27171,27171,11.4
Yellow Medicine,MN,27173,27173,11
Adams,MS,28001,28001,15.6
Alcorn,MS,28003,28003,15.8
Amite,MS,28005,28005,14.9
Attala,MS,28007,28007,16.1
Benton,MS,28009,28009,16.1
Bolivar,MS,28011,28011,16.8
Calhoun,MS,28013,28013,16
Carroll,MS,28015,28015,15.3
Chickasaw,MS,28017,28017,16.3
Choctaw,MS,28019,28019,16.1
Claiborne,MS,28021,28021,17
Clarke,MS,28023,28023,15.1
Clay,MS,28025,28025,16.5
Coahoma,MS,28027,28027,16.3
Copiah,MS,28029,28029,15.7
Covington,MS,28031,28031,16.1
DeSoto,MS,28033,28033,16
Forrest,MS,28035,28035,17.7
Franklin,MS,28037,28037,15.8
George,MS,28039,28039,15.7
Greene,MS,28041,28041,16
Grenada,MS,28043,28043,16.5
Hancock,MS,28045,28045,15.7
Harrison,MS,28047,28047,16.6
Hinds,MS,28049,28049,17.2
Holmes,MS,28051,28051,17.2
Humphreys,MS,28053,28053,17
Issaquena,MS,28055,28055,16.5
Itawamba,MS,28057,28057,15.5
Jackson,MS,28059,28059,16.2
Jasper,MS,28061,28061,15.3
Jefferson,MS,28063,28063,16.4
Jefferson Davis,MS,28065,28065,16
Jones,MS,28067,28067,15.7
Kemper,MS,28069,28069,15.7
Lafayette,MS,28071,28071,17.5
Lamar,MS,28073,28073,16.9
Lauderdale,MS,28075,28075,16
Lawrence,MS,28077,28077,16
Leake,MS,28079,28079,16.7
Lee,MS,28081,28081,16.3
Leflore,MS,28083,28083,16.7
Lincoln,MS,28085,28085,15.8
Lowndes,MS,28087,28087,16.4
Madison,MS,28089,28089,16
Marion,MS,28091,28091,16.7
Marshall,MS,28093,28093,15.6
Monroe,MS,28095,28095,16.2
Montgomery,MS,28097,28097,16.2
Neshoba,MS,28099,28099,17.3
Newton,MS,28101,28101,16.4
Noxubee,MS,28103,28103,16.8
Oktibbeha,MS,28105,28105,18.2
Panola,MS,28107,28107,16.4
Pearl River,MS,28109,28109,15.9
Perry,MS,28111,28111,16
Pike,MS,28113,28113,15.7
Pontotoc,MS,28115,28115,15.6
Prentiss,MS,28117,28117,16.3
Quitman,MS,28119,28119,16.4
Rankin,MS,28121,28121,16.3
Scott,MS,28123,28123,16.4
Sharkey,MS,28125,28125,16.7
Simpson,MS,28127,28127,15.7
Smith,MS,28129,28129,16.1
Stone,MS,28131,28131,16
Sunflower,MS,28133,28133,16.7
Tallahatchie,MS,28135,28135,16.2
Tate,MS,28137,28137,15.8
Tippah,MS,28139,28139,16.3
Tishomingo,MS,28141,28141,15.8
Tunica,MS,28143,28143,16.1
Union,MS,28145,28145,16.2
Walthall,MS,28147,28147,15.9
Warren,MS,28149,28149,16.1
Washington,MS,28151,28151,16.8
Wayne,MS,28153,28153,16.3
Webster,MS,28155,28155,16.3
Wilkinson,MS,28157,28157,16
Winston,MS,28159,28159,16.3
Yalobusha,MS,28161,28161,16.2
Yazoo,MS,28163,28163,15.6
Adair,MO,29001,29001,16.6
Andrew,MO,29003,29003,14.6
Atchison,MO,29005,29005,14.3
Audrain,MO,29007,29007,15
Barry,MO,29009,29009,15.7
Barton,MO,29011,29011,15.2
Bates,MO,29013,29013,14.6
Benton,MO,29015,29015,14.2
Bollinger,MO,29017,29017,14.6
Boone,MO,29019,29019,16.8
Buchanan,MO,29021,29021,15.9
Butler,MO,29023,29023,14.6
Caldwell,MO,29025,29025,14.5
Callaway,MO,29027,29027,15.1
Camden,MO,29029,29029,14.5
Cape Girardeau,MO,29031,29031,15.9
Carroll,MO,29033,29033,14.9
Carter,MO,29035,29035,15
Cass,MO,29037,29037,15.3
Cedar,MO,29039,29039,14.5
Chariton,MO,29041,29041,14.6
Christian,MO,29043,29043,14.9
Clark,MO,29045,29045,14
Clay,MO,29047,29047,14.3
Clinton,MO,29049,29049,14.7
Cole,MO,29051,29051,15.4
Cooper,MO,29053,29053,15.4
Crawford,MO,29055,29055,15
Dade,MO,29057,29057,14.7
Dallas,MO,29059,29059,14.6
Daviess,MO,29061,29061,14.8
DeKalb,MO,29063,29063,14.2
Dent,MO,29065,29065,14.8
Douglas,MO,29067,29067,15.1
Dunklin,MO,29069,29069,15
Franklin,MO,29071,29071,14.6
Gasconade,MO,29073,29073,14.5
Gentry,MO,29075,29075,14.6
Greene,MO,29077,29077,15.3
Grundy,MO,29079,29079,14.7
Harrison,MO,29081,29081,14.5
Henry,MO,29083,29083,14.9
Hickory,MO,29085,29085,13.9
Holt,MO,29087,29087,14.4
Howard,MO,29089,29089,15.1
Howell,MO,29091,29091,15
Iron,MO,29093,29093,14.8
Jackson,MO,29095,29095,14.4
Jasper,MO,29097,29097,15.7
Jefferson,MO,29099,29099,14.3
Johnson,MO,29101,29101,16.5
Knox,MO,29103,29103,14.5
Laclede,MO,29105,29105,15.1
Lafayette,MO,29107,29107,14.7
Lawrence,MO,29109,29109,15.2
Lewis,MO,29111,29111,14.5
Lincoln,MO,29113,29113,15
Linn,MO,29115,29115,14.6
Livingston,MO,29117,29117,15.1
McDonald,MO,29119,29119,15.6
Macon,MO,29121,29121,14.5
Madison,MO,29123,29123,14.8
Maries,MO,29125,29125,14.8
Marion,MO,29127,29127,14.9
Mercer,MO,29129,29129,14.4
Miller,MO,29131,29131,15.2
Mississippi,MO,29133,29133,15.4
Moniteau,MO,29135,29135,14.5
Monroe,MO,29137,29137,14.6
Montgomery,MO,29139,29139,14.8
Morgan,MO,29141,29141,14.5
New Madrid,MO,29143,29143,15.5
Newton,MO,29145,29145,14.8
Nodaway,MO,29147,29147,16.2
Oregon,MO,29149,29149,15
Osage,MO,29151,29151,14.4
Ozark,MO,29153,29153,14.5
Pemiscot,MO,29155,29155,15.8
Perry,MO,29157,29157,15.6
Pettis,MO,29159,29159,15.2
Phelps,MO,29161,29161,15.3
Pike,MO,29163,29163,15
Platte,MO,29165,29165,14.4
Polk,MO,29167,29167,15
Pulaski,MO,29169,29169,16.5
Putnam,MO,29171,29171,14.3
Ralls,MO,29173,29173,14
Randolph,MO,29175,29175,15.1
Ray,MO,29177,29177,14.8
Reynolds,MO,29179,29179,14.4
Ripley,MO,29181,29181,14.8
St. Charles,MO,29183,29183,14.4
St. Clair,MO,29185,29185,14.4
Ste. Genevieve,MO,29186,29186,15.5
St. Francois,MO,29187,29187,15.3
St. Louis,MO,29189,29189,13.5
Saline,MO,29195,29195,15.1
Schuyler,MO,29197,29197,13.9
Scotland,MO,29199,29199,14.7
Scott,MO,29201,29201,15.2
Shannon,MO,29203,29203,15.4
Shelby,MO,29205,29205,14.5
Stoddard,MO,29207,29207,15.3
Stone,MO,29209,29209,14.2
Sullivan,MO,29211,29211,14.4
Taney,MO,29213,29213,15.6
Texas,MO,29215,29215,15.2
Vernon,MO,29217,29217,15.3
Warren,MO,29219,29219,14.6
Washington,MO,29221,29221,15.1
Wayne,MO,29223,29223,14.4
Webster,MO,29225,29225,14.4
Worth,MO,29227,29227,14.1
Wright,MO,29229,29229,15.3
St. Louis City,MO,29510,29510,15.4
Beaverhead,MT,30001,30001,13.3
Big Horn,MT,30003,30003,17.8
Blaine,MT,30005,30005,16.4
Broadwater,MT,30007,30007,12.7
Carbon,MT,30009,30009,12
Carter,MT,30011,30011,12.6
Cascade,MT,30013,30013,13.4
Chouteau,MT,30015,30015,14
Custer,MT,30017,30017,13.3
Daniels,MT,30019,30019,12.2
Dawson,MT,30021,30021,13.3
Deer Lodge,MT,30023,30023,12.8
Fallon,MT,30025,30025,13
Fergus,MT,30027,30027,12.6
Flathead,MT,30029,30029,12.9
Gallatin,MT,30031,30031,14.1
Garfield,MT,30033,30033,12.6
Glacier,MT,30035,30035,17.9
Golden Valley,MT,30037,30037,12.6
Granite,MT,30039,30039,12.1
Hill,MT,30041,30041,14.5
Jefferson,MT,30043,30043,12.3
Judith Basin,MT,30045,30045,12.5
Lake,MT,30047,30047,14.6
Lewis and Clark,MT,30049,30049,13.1
Liberty,MT,30051,30051,12.9
Lincoln,MT,30053,30053,12.5
McCone,MT,30055,30055,12.5
Madison,MT,30057,30057,12.3
Meagher,MT,30059,30059,12.5
Mineral,MT,30061,30061,12.7
Missoula,MT,30063,30063,14.2
Musselshell,MT,30065,30065,12.8
Park,MT,30067,30067,13
Petroleum,MT,30069,30069,12.3
Phillips,MT,30071,30071,13.3
Pondera,MT,30073,30073,13.7
Powder River,MT,30075,30075,12.5
Powell,MT,30077,30077,12.7
Prairie,MT,30079,30079,12.1
Ravalli,MT,30081,30081,12.9
Richland,MT,30083,30083,13.5
Roosevelt,MT,30085,30085,17.6
Rosebud,MT,30087,30087,15.6
Sanders,MT,30089,30089,12.8
Sheridan,MT,30091,30091,12.5
Silver Bow,MT,30093,30093,13.4
Stillwater,MT,30095,30095,12.9
Sweet Grass,MT,30097,30097,12.5
Teton,MT,30099,30099,12.7
Toole,MT,30101,30101,13.4
Treasure,MT,30103,30103,12.3
Valley,MT,30105,30105,13.2
Wheatland,MT,30107,30107,12.6
Wibaux,MT,30109,30109,12.3
Yellowstone,MT,30111,30111,13.7
Adams,NE,31001,31001,11.1
Antelope,NE,31003,31003,10.7
Arthur,NE,31005,31005,10.4
Banner,NE,31007,31007,10.1
Blaine,NE,31009,31009,10.5
Boone,NE,31011,31011,10.7
Box Butte,NE,31013,31013,11.1
Boyd,NE,31015,31015,10
Brown,NE,31017,31017,10.3
Buffalo,NE,31019,31019,11.8
Burt,NE,31021,31021,10.6
Butler,NE,31023,31023,10.9
Cass,NE,31025,31025,10.3
Cedar,NE,31027,31027,10.7
Chase,NE,31029,31029,10.6
Cherry,NE,31031,31031,10.9
Cheyenne,NE,31033,31033,11
Clay,NE,31035,31035,10.2
Colfax,NE,31037,31037,10.9
Cuming,NE,31039,31039,10.6
Custer,NE,31041,31041,10.5
Dakota,NE,31043,31043,11
Dawes,NE,31045,31045,12.1
Dawson,NE,31047,31047,10.6
Deuel,NE,31049,31049,10.3
Dixon,NE,31051,31051,10.3
Dodge,NE,31053,31053,10.4
Douglas,NE,31055,31055,11.1
Dundy,NE,31057,31057,10.3
Fillmore,NE,31059,31059,10.6
Franklin,NE,31061,31061,10.4
Frontier,NE,31063,31063,11.1
Furnas,NE,31065,31065,10.4
Gage,NE,31067,31067,10.9
Garden,NE,31069,31069,10.1
Garfield,NE,31071,31071,10
Gosper,NE,31073,31073,10
Grant,NE,31075,31075,10.8
Greeley,NE,31077,31077,10.4
Hall,NE,31079,31079,10.8
Hamilton,NE,31081,31081,10.9
Harlan,NE,31083,31083,10.3
Hayes,NE,31085,31085,10.6
Hitchcock,NE,31087,31087,10.5
Holt,NE,31089,31089,10.5
Hooker,NE,31091,31091,10.2
Howard,NE,31093,31093,10.1
Jefferson,NE,31095,31095,10.7
Johnson,NE,31097,31097,10.8
Kearney,NE,31099,31099,10.3
Keith,NE,31101,31101,10.6
Keya Paha,NE,31103,31103,9.9
Kimball,NE,31105,31105,10.5
Knox,NE,31107,31107,10.9
Lancaster,NE,31109,31109,11.4
Lincoln,NE,31111,31111,10.9
Logan,NE,31113,31113,10.2
Loup,NE,31115,31115,10.4
McPherson,NE,31117,31117,10.1
Madison,NE,31119,31119,11.3
Merrick,NE,31121,31121,10.2
Morrill,NE,31123,31123,10.6
Nance,NE,31125,31125,10.9
Nemaha,NE,31127,31127,11.5
Nuckolls,NE,31129,31129,10.2
Otoe,NE,31131,31131,11
Pawnee,NE,31133,31133,10.3
Perkins,NE,31135,31135,10.6
Phelps,NE,31137,31137,10.8
Pierce,NE,31139,31139,10.4
Platte,NE,31141,31141,11
Polk,NE,31143,31143,10.7
Red Willow,NE,31145,31145,11
Richardson,NE,31147,31147,10.8
Rock,NE,31149,31149,10.4
Saline,NE,31151,31151,11.4
Sarpy,NE,31153,31153,10.7
Saunders,NE,31155,31155,10.2
Scotts Bluff,NE,31157,31157,10.7
Seward,NE,31159,31159,11
Sheridan,NE,31161,31161,11
Sherman,NE,31163,31163,10.3
Sioux,NE,31165,31165,10.5
Stanton,NE,31167,31167,10.8
Thayer,NE,31169,31169,10.3
Thomas,NE,31171,31171,10.4
Thurston,NE,31173,31173,14.5
Valley,NE,31175,31175,10.3
Washington,NE,31177,31177,10.4
Wayne,NE,31179,31179,12.5
Webster,NE,31181,31181,10.4
Wheeler,NE,31183,31183,10.5
York,NE,31185,31185,11.3
Churchill,NV,32001,32001,14.3
Clark,NV,32003,32003,14.2
Douglas,NV,32005,32005,14.1
Elko,NV,32007,32007,15
Esmeralda,NV,32009,32009,13.2
Eureka,NV,32011,32011,13.7
Humboldt,NV,32013,32013,15
Lander,NV,32015,32015,14.9
Lincoln,NV,32017,32017,14.1
Lyon,NV,32019,32019,14.4
Mineral,NV,32021,32021,14.7
Nye,NV,32023,32023,13.7
Pershing,NV,32027,32027,14
Storey,NV,32029,32029,13.7
Washoe,NV,32031,32031,13.6
White Pine,NV,32033,32033,14.3
Carson City,NV,32510,32510,15
Belknap,NH,33001,33001,14.1
Carroll,NH,33003,33003,13.8
Cheshire,NH,33005,33005,14.8
Coos,NH,33007,33007,13.6
Grafton,NH,33009,33009,14.3
Hillsborough,NH,33011,33011,14.7
Merrimack,NH,33013,33013,14.5
Rockingham,NH,33015,33015,14.1
Strafford,NH,33017,33017,14.4
Sullivan,NH,33019,33019,14.1
Atlantic,NJ,34001,34001,14
Bergen,NJ,34003,34003,12.6
Burlington,NJ,34005,34005,14.1
Camden,NJ,34007,34007,14.4
Cape May,NJ,34009,34009,14.5
Cumberland,NJ,34011,34011,15.7
Essex,NJ,34013,34013,14.5
Gloucester,NJ,34015,34015,14.9
Hudson,NJ,34017,34017,13.5
Hunterdon,NJ,34019,34019,15.3
Mercer,NJ,34021,34021,14.4
Middlesex,NJ,34023,34023,13.3
Monmouth,NJ,34025,34025,14.1
Morris,NJ,34027,34027,12.9
Ocean,NJ,34029,34029,13.6
Passaic,NJ,34031,34031,14.1
Salem,NJ,34033,34033,15.4
Somerset,NJ,34035,34035,13.2
Sussex,NJ,34037,34037,15.2
Union,NJ,34039,34039,14.1
Warren,NJ,34041,34041,15
Bernalillo,NM,35001,35001,14.4
Catron,NM,35003,35003,13.4
Chaves,NM,35005,35005,14.7
Cibola,NM,35006,35006,17.1
Colfax,NM,35007,35007,14
Curry,NM,35009,35009,15.3
De Baca,NM,35011,35011,13.7
Doa Ana,NM,35013,35013,14
Eddy,NM,35015,35015,14.7
Grant,NM,35017,35017,13.3
Guadalupe,NM,35019,35019,13.8
Harding,NM,35021,35021,12.8
Hidalgo,NM,35023,35023,13.8
Lea,NM,35025,35025,14.9
Lincoln,NM,35027,35027,14
Los Alamos,NM,35028,35028,13.7
Luna,NM,35029,35029,13.3
McKinley,NM,35031,35031,20.7
Mora,NM,35033,35033,13
Otero,NM,35035,35035,15.2
Quay,NM,35037,35037,14.1
Rio Arriba,NM,35039,35039,14.4
Roosevelt,NM,35041,35041,15.2
Sandoval,NM,35043,35043,15.4
San Juan,NM,35045,35045,17.8
San Miguel,NM,35047,35047,13.4
Santa Fe,NM,35049,35049,14.2
Sierra,NM,35051,35051,13.1
Socorro,NM,35053,35053,15.1
Taos,NM,35055,35055,13.7
Torrance,NM,35057,35057,13.8
Union,NM,35059,35059,14.1
Valencia,NM,35061,35061,13.9
Albany,NY,36001,36001,13.1
Allegany,NY,36003,36003,14.5
Bronx,NY,36005,36005,14
Broome,NY,36007,36007,13.2
Cattaraugus,NY,36009,36009,14
Cayuga,NY,36011,36011,13.4
Chautauqua,NY,36013,36013,13.8
Chemung,NY,36015,36015,13.2
Chenango,NY,36017,36017,14.1
Clinton,NY,36019,36019,14.3
Columbia,NY,36021,36021,13.4
Cortland,NY,36023,36023,14.6
Delaware,NY,36025,36025,13.8
Dutchess,NY,36027,36027,13
Erie,NY,36029,36029,12.8
Essex,NY,36031,36031,13.5
Franklin,NY,36033,36033,14
Fulton,NY,36035,36035,13.5
Genesee,NY,36037,36037,13.7
Greene,NY,36039,36039,13.9
Hamilton,NY,36041,36041,12.9
Herkimer,NY,36043,36043,13
Jefferson,NY,36045,36045,14.4
Kings,NY,36047,36047,13.4
Lewis,NY,36049,36049,13.8
Livingston,NY,36051,36051,13.8
Madison,NY,36053,36053,13.6
Monroe,NY,36055,36055,13
Montgomery,NY,36057,36057,13.4
Nassau,NY,36059,36059,11.9
New York,NY,36061,36061,11.4
Niagara,NY,36063,36063,13.2
Oneida,NY,36065,36065,13.4
Onondaga,NY,36067,36067,13.2
Ontario,NY,36069,36069,13.2
Orange,NY,36071,36071,13
Orleans,NY,36073,36073,13.3
Oswego,NY,36075,36075,13.9
Otsego,NY,36077,36077,14.1
Putnam,NY,36079,36079,12.5
Queens,NY,36081,36081,12.5
Rensselaer,NY,36083,36083,14.2
Richmond,NY,36085,36085,13.2
Rockland,NY,36087,36087,12.3
St. Lawrence,NY,36089,36089,14
Saratoga,NY,36091,36091,12.2
Schenectady,NY,36093,36093,13.9
Schoharie,NY,36095,36095,13.3
Schuyler,NY,36097,36097,12.9
Seneca,NY,36099,36099,13.6
Steuben,NY,36101,36101,12.7
Suffolk,NY,36103,36103,12.2
Sullivan,NY,36105,36105,13
Tioga,NY,36107,36107,12.9
Tompkins,NY,36109,36109,14.8
Ulster,NY,36111,36111,12.6
Warren,NY,36113,36113,13.3
Washington,NY,36115,36115,13.2
Wayne,NY,36117,36117,13.4
Westchester,NY,36119,36119,11.7
Wyoming,NY,36121,36121,14
Yates,NY,36123,36123,13.9
Alamance,NC,37001,37001,14.1
Alexander,NC,37003,37003,13.6
Alleghany,NC,37005,37005,13.6
Anson,NC,37007,37007,13.9
Ashe,NC,37009,37009,13.6
Avery,NC,37011,37011,13.8
Beaufort,NC,37013,37013,13.6
Bertie,NC,37015,37015,14.6
Bladen,NC,37017,37017,15.3
Brunswick,NC,37019,37019,12.9
Buncombe,NC,37021,37021,13.5
Burke,NC,37023,37023,14
Cabarrus,NC,37025,37025,14
Caldwell,NC,37027,37027,14
Camden,NC,37029,37029,13.8
Carteret,NC,37031,37031,13.8
Caswell,NC,37033,37033,14.2
Catawba,NC,37035,37035,14
Chatham,NC,37037,37037,12.9
Cherokee,NC,37039,37039,13.4
Chowan,NC,37041,37041,14.1
Clay,NC,37043,37043,13.2
Cleveland,NC,37045,37045,14.5
Columbus,NC,37047,37047,15.4
Craven,NC,37049,37049,14.3
Cumberland,NC,37051,37051,15
Currituck,NC,37053,37053,13.9
Dare,NC,37055,37055,14
Davidson,NC,37057,37057,14
Davie,NC,37059,37059,13.4
Duplin,NC,37061,37061,14.5
Durham,NC,37063,37063,14
Edgecombe,NC,37065,37065,14.1
Forsyth,NC,37067,37067,13.6
Franklin,NC,37069,37069,13.9
Gaston,NC,37071,37071,13.2
Gates,NC,37073,37073,14.7
Graham,NC,37075,37075,14.4
Granville,NC,37077,37077,14.4
Greene,NC,37079,37079,13.6
Guilford,NC,37081,37081,14.1
Halifax,NC,37083,37083,14.5
Harnett,NC,37085,37085,14.9
Haywood,NC,37087,37087,13.6
Henderson,NC,37089,37089,13.2
Hertford,NC,37091,37091,14.8
Hoke,NC,37093,37093,16.1
Hyde,NC,37095,37095,14.3
Iredell,NC,37097,37097,14.5
Jackson,NC,37099,37099,15.5
Johnston,NC,37101,37101,14.2
Jones,NC,37103,37103,13.6
Lee,NC,37105,37105,13.8
Lenoir,NC,37107,37107,14
Lincoln,NC,37109,37109,14.7
McDowell,NC,37111,37111,14.5
Macon,NC,37113,37113,13.2
Madison,NC,37115,37115,13.8
Martin,NC,37117,37117,14.5
Mecklenburg,NC,37119,37119,13.6
Mitchell,NC,37121,37121,13.6
Montgomery,NC,37123,37123,14.1
Moore,NC,37125,37125,13.2
Nash,NC,37127,37127,14
New Hanover,NC,37129,37129,13.8
Northampton,NC,37131,37131,13.5
Onslow,NC,37133,37133,15.7
Orange,NC,37135,37135,15.2
Pamlico,NC,37137,37137,13
Pasquotank,NC,37139,37139,14.7
Pender,NC,37141,37141,13
Perquimans,NC,37143,37143,13.3
Person,NC,37145,37145,13.7
Pitt,NC,37147,37147,15.5
Polk,NC,37149,37149,13.3
Randolph,NC,37151,37151,13.8
Richmond,NC,37153,37153,14.8
Robeson,NC,37155,37155,17.3
Rockingham,NC,37157,37157,13.4
Rowan,NC,37159,37159,13.9
Rutherford,NC,37161,37161,13.7
Sampson,NC,37163,37163,14.6
Scotland,NC,37165,37165,15.5
Stanly,NC,37167,37167,13.8
Stokes,NC,37169,37169,13.7
Surry,NC,37171,37171,13.7
Swain,NC,37173,37173,16
Transylvania,NC,37175,37175,13.2
Tyrrell,NC,37177,37177,14.2
Union,NC,37179,37179,13.5
Vance,NC,37181,37181,14.4
Wake,NC,37183,37183,13.3
Warren,NC,37185,37185,14.4
Washington,NC,37187,37187,14.4
Watauga,NC,37189,37189,15.6
Wayne,NC,37191,37191,13.9
Wilkes,NC,37193,37193,13.7
Wilson,NC,37195,37195,14.1
Yadkin,NC,37197,37197,13.5
Yancey,NC,37199,37199,13.5
Adams,ND,38001,38001,9.6
Barnes,ND,38003,38003,10.4
Benson,ND,38005,38005,13.3
Billings,ND,38007,38007,9.5
Bottineau,ND,38009,38009,10.2
Bowman,ND,38011,38011,9.8
Burke,ND,38013,38013,9.7
Burleigh,ND,38015,38015,11
Cass,ND,38017,38017,11.6
Cavalier,ND,38019,38019,9.5
Dickey,ND,38021,38021,10.1
Divide,ND,38023,38023,9.4
Dunn,ND,38025,38025,10.7
Eddy,ND,38027,38027,9.8
Emmons,ND,38029,38029,9.1
Foster,ND,38031,38031,9.9
Golden Valley,ND,38033,38033,9.7
Grand Forks,ND,38035,38035,11.7
Grant,ND,38037,38037,9.4
Griggs,ND,38039,38039,9.3
Hettinger,ND,38041,38041,9.8
Kidder,ND,38043,38043,9.8
LaMoure,ND,38045,38045,9.6
Logan,ND,38047,38047,9.1
McHenry,ND,38049,38049,9.3
McIntosh,ND,38051,38051,8.9
McKenzie,ND,38053,38053,11.5
McLean,ND,38055,38055,10
Mercer,ND,38057,38057,10.3
Morton,ND,38059,38059,10.3
Mountrail,ND,38061,38061,11.9
Nelson,ND,38063,38063,9.5
Oliver,ND,38065,38065,10
Pembina,ND,38067,38067,10.1
Pierce,ND,38069,38069,9.9
Ramsey,ND,38071,38071,10.9
Ransom,ND,38073,38073,10
Renville,ND,38075,38075,9.4
Richland,ND,38077,38077,10.6
Rolette,ND,38079,38079,15
Sargent,ND,38081,38081,10
Sheridan,ND,38083,38083,9.5
Sioux,ND,38085,38085,16
Slope,ND,38087,38087,9.8
Stark,ND,38089,38089,10.5
Steele,ND,38091,38091,9.8
Stutsman,ND,38093,38093,10.3
Towner,ND,38095,38095,9.7
Traill,ND,38097,38097,10.3
Walsh,ND,38099,38099,10
Ward,ND,38101,38101,10.8
Wells,ND,38103,38103,9.4
Williams,ND,38105,38105,10.5
Adams,OH,39001,39001,16.7
Allen,OH,39003,39003,15.7
Ashland,OH,39005,39005,15.7
Ashtabula,OH,39007,39007,15.3
Athens,OH,39009,39009,17.6
Auglaize,OH,39011,39011,15.1
Belmont,OH,39013,39013,15
Brown,OH,39015,39015,14.8
Butler,OH,39017,39017,15.4
Carroll,OH,39019,39019,14.4
Champaign,OH,39021,39021,16.1
Clark,OH,39023,39023,15.6
Clermont,OH,39025,39025,15.1
Clinton,OH,39027,39027,16.5
Columbiana,OH,39029,39029,14.8
Coshocton,OH,39031,39031,15.7
Crawford,OH,39033,39033,15.2
Cuyahoga,OH,39035,39035,14.4
Darke,OH,39037,39037,15.4
Defiance,OH,39039,39039,14.9
Delaware,OH,39041,39041,14.6
Erie,OH,39043,39043,15.2
Fairfield,OH,39045,39045,15.2
Fayette,OH,39047,39047,15
Franklin,OH,39049,39049,15.1
Fulton,OH,39051,39051,14.9
Gallia,OH,39053,39053,15.5
Geauga,OH,39055,39055,14.9
Greene,OH,39057,39057,14.5
Guernsey,OH,39059,39059,15.8
Hamilton,OH,39061,39061,14.8
Hancock,OH,39063,39063,15.2
Hardin,OH,39065,39065,17.2
Harrison,OH,39067,39067,15.6
Henry,OH,39069,39069,15.3
Highland,OH,39071,39071,16.6
Hocking,OH,39073,39073,16.7
Holmes,OH,39075,39075,16.9
Huron,OH,39077,39077,15.6
Jackson,OH,39079,39079,16.9
Jefferson,OH,39081,39081,15.2
Knox,OH,39083,39083,15.6
Lake,OH,39085,39085,15.3
Lawrence,OH,39087,39087,15.9
Licking,OH,39089,39089,15.6
Logan,OH,39091,39091,16
Lorain,OH,39093,39093,14
Lucas,OH,39095,39095,16.1
Madison,OH,39097,39097,14.9
Mahoning,OH,39099,39099,15.1
Marion,OH,39101,39101,15.4
Medina,OH,39103,39103,15.3
Meigs,OH,39105,39105,15.9
Mercer,OH,39107,39107,15
Miami,OH,39109,39109,15.5
Monroe,OH,39111,39111,15.3
Montgomery,OH,39113,39113,14.3
Morgan,OH,39115,39115,15.6
Morrow,OH,39117,39117,15.1
Muskingum,OH,39119,39119,15.4
Noble,OH,39121,39121,14.6
Ottawa,OH,39123,39123,14.4
Paulding,OH,39125,39125,15.4
Perry,OH,39127,39127,15.9
Pickaway,OH,39129,39129,15
Pike,OH,39131,39131,16.9
Portage,OH,39133,39133,15.8
Preble,OH,39135,39135,15.3
Putnam,OH,39137,39137,15.3
Richland,OH,39139,39139,15.4
Ross,OH,39141,39141,15.1
Sandusky,OH,39143,39143,15.2
Scioto,OH,39145,39145,16.2
Seneca,OH,39147,39147,15.6
Shelby,OH,39149,39149,15.8
Stark,OH,39151,39151,15.4
Summit,OH,39153,39153,14.2
Trumbull,OH,39155,39155,14.9
Tuscarawas,OH,39157,39157,15.3
Union,OH,39159,39159,15.4
Van Wert,OH,39161,39161,15
Vinton,OH,39163,39163,16.9
Warren,OH,39165,39165,14.2
Washington,OH,39167,39167,15.2
Wayne,OH,39169,39169,15.5
Williams,OH,39171,39171,15.2
Wood,OH,39173,39173,16.1
Wyandot,OH,39175,39175,15.6
Adair,OK,40001,40001,19
Alfalfa,OK,40003,40003,14.4
Atoka,OK,40005,40005,15.3
Beaver,OK,40007,40007,15
Beckham,OK,40009,40009,15.3
Blaine,OK,40011,40011,15.2
Bryan,OK,40013,40013,15.6
Caddo,OK,40015,40015,16
Canadian,OK,40017,40017,16.1
Carter,OK,40019,40019,15.6
Cherokee,OK,40021,40021,18.2
Choctaw,OK,40023,40023,16.3
Cimarron,OK,40025,40025,14.3
Cleveland,OK,40027,40027,16
Coal,OK,40029,40029,15.5
Comanche,OK,40031,40031,15.7
Cotton,OK,40033,40033,14.9
Craig,OK,40035,40035,16.7
Creek,OK,40037,40037,15.4
Custer,OK,40039,40039,16.2
Delaware,OK,40041,40041,16.4
Dewey,OK,40043,40043,15
Ellis,OK,40045,40045,14.8
Garfield,OK,40047,40047,15.5
Garvin,OK,40049,40049,15.4
Grady,OK,40051,40051,14.8
Grant,OK,40053,40053,14.7
Greer,OK,40055,40055,15
Harmon,OK,40057,40057,14.9
Harper,OK,40059,40059,14.8
Haskell,OK,40061,40061,16.2
Hughes,OK,40063,40063,15.6
Jackson,OK,40065,40065,15.5
Jefferson,OK,40067,40067,14.4
Johnston,OK,40069,40069,15.7
Kay,OK,40071,40071,15.6
Kingfisher,OK,40073,40073,15.5
Kiowa,OK,40075,40075,15.5
Latimer,OK,40077,40077,16.8
Le Flore,OK,40079,40079,15.5
Lincoln,OK,40081,40081,14.7
Logan,OK,40083,40083,14.9
Love,OK,40085,40085,14.3
McClain,OK,40087,40087,14.8
McCurtain,OK,40089,40089,16.5
McIntosh,OK,40091,40091,14.9
Major,OK,40093,40093,15
Marshall,OK,40095,40095,14.5
Mayes,OK,40097,40097,17.1
Murray,OK,40099,40099,15.6
Muskogee,OK,40101,40101,15.6
Noble,OK,40103,40103,15.8
Nowata,OK,40105,40105,16.6
Okfuskee,OK,40107,40107,15.9
Oklahoma,OK,40109,40109,14.7
Okmulgee,OK,40111,40111,15
Osage,OK,40113,40113,15.9
Ottawa,OK,40115,40115,16.4
Pawnee,OK,40117,40117,15.6
Payne,OK,40119,40119,16.7
Pittsburg,OK,40121,40121,15.7
Pontotoc,OK,40123,40123,16
Pottawatomie,OK,40125,40125,16.1
Pushmataha,OK,40127,40127,16.1
Roger Mills,OK,40129,40129,15.4
Rogers,OK,40131,40131,15
Seminole,OK,40133,40133,16.1
Sequoyah,OK,40135,40135,16.5
Stephens,OK,40137,40137,14.5
Texas,OK,40139,40139,15
Tillman,OK,40141,40141,14.2
Tulsa,OK,40143,40143,15.3
Wagoner,OK,40145,40145,14.7
Washington,OK,40147,40147,15.9
Washita,OK,40149,40149,15.4
Woods,OK,40151,40151,16
Woodward,OK,40153,40153,15.2
Baker,OR,41001,41001,14.3
Benton,OR,41003,41003,16.4
Clackamas,OR,41005,41005,13.8
Clatsop,OR,41007,41007,14.7
Columbia,OR,41009,41009,14.6
Coos,OR,41011,41011,14.7
Crook,OR,41013,41013,14.3
Curry,OR,41015,41015,13.8
Deschutes,OR,41017,41017,15
Douglas,OR,41019,41019,14.3
Gilliam,OR,41021,41021,14.4
Grant,OR,41023,41023,14.4
Harney,OR,41025,41025,14.8
Hood River,OR,41027,41027,14.7
Jackson,OR,41029,41029,13.6
Jefferson,OR,41031,41031,16
Josephine,OR,41033,41033,14.3
Klamath,OR,41035,41035,14.8
Lake,OR,41037,41037,14.3
Lane,OR,41039,41039,14.9
Lincoln,OR,41041,41041,14.7
Linn,OR,41043,41043,15.2
Malheur,OR,41045,41045,14
Marion,OR,41047,41047,14.5
Morrow,OR,41049,41049,14.3
Multnomah,OR,41051,41051,14.4
Polk,OR,41053,41053,15.2
Sherman,OR,41055,41055,14.6
Tillamook,OR,41057,41057,14.4
Umatilla,OR,41059,41059,14.8
Union,OR,41061,41061,15
Wallowa,OR,41063,41063,14.2
Wasco,OR,41065,41065,14.8
Washington,OR,41067,41067,13.6
Wheeler,OR,41069,41069,13.9
Yamhill,OR,41071,41071,14.8
Adams,PA,42001,42001,14.7
Allegheny,PA,42003,42003,14.2
Armstrong,PA,42005,42005,14.6
Beaver,PA,42007,42007,14
Bedford,PA,42009,42009,15.7
Berks,PA,42011,42011,14.8
Blair,PA,42013,42013,15.6
Bradford,PA,42015,42015,15
Bucks,PA,42017,42017,14.2
Butler,PA,42019,42019,14.8
Cambria,PA,42021,42021,15.4
Cameron,PA,42023,42023,14.6
Carbon,PA,42025,42025,14.6
Centre,PA,42027,42027,17
Chester,PA,42029,42029,13.3
Clarion,PA,42031,42031,16.5
Clearfield,PA,42033,42033,14.8
Clinton,PA,42035,42035,15.9
Columbia,PA,42037,42037,15.2
Crawford,PA,42039,42039,15.4
Cumberland,PA,42041,42041,14.2
Dauphin,PA,42043,42043,14.8
Delaware,PA,42045,42045,13.9
Elk,PA,42047,42047,14.8
Erie,PA,42049,42049,14.6
Fayette,PA,42051,42051,14.8
Forest,PA,42053,42053,14.9
Franklin,PA,42055,42055,14.8
Fulton,PA,42057,42057,15.9
Greene,PA,42059,42059,15
Huntingdon,PA,42061,42061,15.4
Indiana,PA,42063,42063,16.1
Jefferson,PA,42065,42065,15.6
Juniata,PA,42067,42067,15.7
Lackawanna,PA,42069,42069,14.7
Lancaster,PA,42071,42071,14.3
Lawrence,PA,42073,42073,14.4
Lebanon,PA,42075,42075,15.3
Lehigh,PA,42077,42077,14.9
Luzerne,PA,42079,42079,14.1
Lycoming,PA,42081,42081,15.5
McKean,PA,42083,42083,15.1
Mercer,PA,42085,42085,15
Mifflin,PA,42087,42087,15.3
Monroe,PA,42089,42089,15.6
Montgomery,PA,42091,42091,13.2
Montour,PA,42093,42093,14.8
Northampton,PA,42095,42095,14.7
Northumberland,PA,42097,42097,14.9
Perry,PA,42099,42099,14.3
Philadelphia,PA,42101,42101,15.7
Pike,PA,42103,42103,14.5
Potter,PA,42105,42105,14.9
Schuylkill,PA,42107,42107,14.9
Snyder,PA,42109,42109,16
Somerset,PA,42111,42111,15.2
Sullivan,PA,42113,42113,14.7
Susquehanna,PA,42115,42115,15.2
Tioga,PA,42117,42117,15.7
Union,PA,42119,42119,15.6
Venango,PA,42121,42121,15.3
Warren,PA,42123,42123,15.1
Washington,PA,42125,42125,13.9
Wayne,PA,42127,42127,14.9
Westmoreland,PA,42129,42129,13.8
Wyoming,PA,42131,42131,13.8
York,PA,42133,42133,14.7
Bristol,RI,44001,44001,14.1
Kent,RI,44003,44003,14
Newport,RI,44005,44005,14
Providence,RI,44007,44007,13.8
Washington,RI,44009,44009,14.5
Abbeville,SC,45001,45001,14.9
Aiken,SC,45003,45003,14.5
Allendale,SC,45005,45005,15.1
Anderson,SC,45007,45007,14.7
Bamberg,SC,45009,45009,15.4
Barnwell,SC,45011,45011,15.4
Beaufort,SC,45013,45013,14.1
Berkeley,SC,45015,45015,14.3
Calhoun,SC,45017,45017,14.1
Charleston,SC,45019,45019,14.2
Cherokee,SC,45021,45021,14.9
Chester,SC,45023,45023,14.8
Chesterfield,SC,45025,45025,15.4
Clarendon,SC,45027,45027,15.2
Colleton,SC,45029,45029,14.7
Darlington,SC,45031,45031,14.4
Dillon,SC,45033,45033,15.1
Dorchester,SC,45035,45035,14.2
Edgefield,SC,45037,45037,14
Fairfield,SC,45039,45039,13
Florence,SC,45041,45041,14.9
Georgetown,SC,45043,45043,14
Greenville,SC,45045,45045,13.7
Greenwood,SC,45047,45047,14.7
Hampton,SC,45049,45049,15.2
Horry,SC,45051,45051,13.9
Jasper,SC,45053,45053,14.6
Kershaw,SC,45055,45055,14.3
Lancaster,SC,45057,45057,14.7
Laurens,SC,45059,45059,13
Lee,SC,45061,45061,15.5
Lexington,SC,45063,45063,13.9
McCormick,SC,45065,45065,13.7
Marion,SC,45067,45067,15.2
Marlboro,SC,45069,45069,15.2
Newberry,SC,45071,45071,14.6
Oconee,SC,45073,45073,13
Orangeburg,SC,45075,45075,15.2
Pickens,SC,45077,45077,14.2
Richland,SC,45079,45079,14.3
Saluda,SC,45081,45081,13.1
Spartanburg,SC,45083,45083,13.9
Sumter,SC,45085,45085,15.4
Union,SC,45087,45087,14.5
Williamsburg,SC,45089,45089,15.4
York,SC,45091,45091,14
Aurora,SD,46003,46003,9
Beadle,SD,46005,46005,9.1
Bennett,SD,46007,46007,13
Bon Homme,SD,46009,46009,9.4
Brookings,SD,46011,46011,10.7
Brown,SD,46013,46013,9.7
Brule,SD,46015,46015,9.8
Buffalo,SD,46017,46017,14.7
Butte,SD,46019,46019,9.6
Campbell,SD,46021,46021,8.7
Charles Mix,SD,46023,46023,10.7
Clark,SD,46025,46025,8.9
Clay,SD,46027,46027,11.2
Codington,SD,46029,46029,9.6
Corson,SD,46031,46031,13.2
Custer,SD,46033,46033,9.1
Davison,SD,46035,46035,9.6
Day,SD,46037,46037,9.3
Deuel,SD,46039,46039,9.1
Dewey,SD,46041,46041,13.8
Douglas,SD,46043,46043,8.9
Edmunds,SD,46045,46045,8.5
Fall River,SD,46047,46047,9.3
Faulk,SD,46049,46049,8.9
Grant,SD,46051,46051,9.2
Gregory,SD,46053,46053,9.2
Haakon,SD,46055,46055,9.1
Hamlin,SD,46057,46057,8.8
Hand,SD,46059,46059,8.9
Hanson,SD,46061,46061,9.1
Harding,SD,46063,46063,9.4
Hughes,SD,46065,46065,10.1
Hutchinson,SD,46067,46067,8.7
Hyde,SD,46069,46069,9.3
Jackson,SD,46071,46071,12.2
Jerauld,SD,46073,46073,8.8
Jones,SD,46075,46075,9.3
Kingsbury,SD,46077,46077,9
Lake,SD,46079,46079,9.8
Lawrence,SD,46081,46081,9.6
Lincoln,SD,46083,46083,10
Lyman,SD,46085,46085,11.4
McCook,SD,46087,46087,8.7
McPherson,SD,46089,46089,8.3
Marshall,SD,46091,46091,9.3
Meade,SD,46093,46093,9.5
Mellette,SD,46095,46095,12.1
Miner,SD,46097,46097,8.9
Minnehaha,SD,46099,46099,10.4
Moody,SD,46101,46101,10.2
Pennington,SD,46103,46103,10.3
Perkins,SD,46105,46105,8.9
Potter,SD,46107,46107,8.5
Roberts,SD,46109,46109,10.9
Sanborn,SD,46111,46111,9.2
Shannon,SD,46113,46113,15.6
Spink,SD,46115,46115,9.1
Stanley,SD,46117,46117,9.6
Sully,SD,46119,46119,9.3
Todd,SD,46121,46121,15
Tripp,SD,46123,46123,9.8
Turner,SD,46125,46125,8.8
Union,SD,46127,46127,9.1
Walworth,SD,46129,46129,9.5
Yankton,SD,46135,46135,9.6
Ziebach,SD,46137,46137,14.2
Anderson,TN,47001,47001,15.9
Bedford,TN,47003,47003,17.2
Benton,TN,47005,47005,16.2
Bledsoe,TN,47007,47007,16.8
Blount,TN,47009,47009,16.1
Bradley,TN,47011,47011,17
Campbell,TN,47013,47013,16
Cannon,TN,47015,47015,16.1
Carroll,TN,47017,47017,16.7
Carter,TN,47019,47019,16.3
Cheatham,TN,47021,47021,16.3
Chester,TN,47023,47023,16.9
Claiborne,TN,47025,47025,16.8
Clay,TN,47027,47027,16.3
Cocke,TN,47029,47029,16.2
Coffee,TN,47031,47031,16.5
Crockett,TN,47033,47033,16.4
Cumberland,TN,47035,47035,15.4
Davidson,TN,47037,47037,16.6
Decatur,TN,47039,47039,16.7
DeKalb,TN,47041,47041,16.8
Dickson,TN,47043,47043,16.2
Dyer,TN,47045,47045,16.2
Fayette,TN,47047,47047,16.3
Fentress,TN,47049,47049,16.8
Franklin,TN,47051,47051,16.1
Gibson,TN,47053,47053,16
Giles,TN,47055,47055,16.8
Grainger,TN,47057,47057,15.8
Greene,TN,47059,47059,16.1
Grundy,TN,47061,47061,17
Hamblen,TN,47063,47063,16.2
Hamilton,TN,47065,47065,15.7
Hancock,TN,47067,47067,16.5
Hardeman,TN,47069,47069,17.2
Hardin,TN,47071,47071,17
Hawkins,TN,47073,47073,16
Haywood,TN,47075,47075,17
Henderson,TN,47077,47077,17.5
Henry,TN,47079,47079,15.9
Hickman,TN,47081,47081,16
Houston,TN,47083,47083,16.6
Humphreys,TN,47085,47085,16.6
Jackson,TN,47087,47087,15.7
Jefferson,TN,47089,47089,16.2
Johnson,TN,47091,47091,16.3
Knox,TN,47093,47093,16.2
Lake,TN,47095,47095,16.3
Lauderdale,TN,47097,47097,17.5
Lawrence,TN,47099,47099,16.4
Lewis,TN,47101,47101,16.7
Lincoln,TN,47103,47103,16.9
Loudon,TN,47105,47105,15.8
McMinn,TN,47107,47107,16.3
McNairy,TN,47109,47109,17.2
Macon,TN,47111,47111,16.3
Madison,TN,47113,47113,17.4
Marion,TN,47115,47115,16.3
Marshall,TN,47117,47117,17.5
Maury,TN,47119,47119,17.5
Meigs,TN,47121,47121,17
Monroe,TN,47123,47123,17.1
Montgomery,TN,47125,47125,18.1
Moore,TN,47127,47127,15.7
Morgan,TN,47129,47129,16.6
Obion,TN,47131,47131,15.9
Overton,TN,47133,47133,15.9
Perry,TN,47135,47135,16.4
Pickett,TN,47137,47137,16
Polk,TN,47139,47139,15.9
Putnam,TN,47141,47141,17.1
Rhea,TN,47143,47143,17.2
Roane,TN,47145,47145,16.3
Robertson,TN,47147,47147,16.6
Rutherford,TN,47149,47149,16.3
Scott,TN,47151,47151,16.9
Sequatchie,TN,47153,47153,16.3
Sevier,TN,47155,47155,16.1
Shelby,TN,47157,47157,16.8
Smith,TN,47159,47159,16.4
Stewart,TN,47161,47161,15.6
Sullivan,TN,47163,47163,16.3
Sumner,TN,47165,47165,16.5
Tipton,TN,47167,47167,16.9
Trousdale,TN,47169,47169,16.4
Unicoi,TN,47171,47171,15.4
Union,TN,47173,47173,16.4
Van Buren,TN,47175,47175,16.7
Warren,TN,47177,47177,16.4
Washington,TN,47179,47179,17
Wayne,TN,47181,47181,16.6
Weakley,TN,47183,47183,17.2
White,TN,47185,47185,16.8
Williamson,TN,47187,47187,16.6
Wilson,TN,47189,47189,16.8
Anderson,TX,48001,48001,13.7
Andrews,TX,48003,48003,14.3
Angelina,TX,48005,48005,13.3
Aransas,TX,48007,48007,12.3
Archer,TX,48009,48009,13.3
Armstrong,TX,48011,48011,12.6
Atascosa,TX,48013,48013,12.6
Austin,TX,48015,48015,13.3
Bailey,TX,48017,48017,13.3
Bandera,TX,48019,48019,12.4
Bastrop,TX,48021,48021,13.8
Baylor,TX,48023,48023,13.2
Bee,TX,48025,48025,13.4
Bell,TX,48027,48027,13.4
Bexar,TX,48029,48029,13
Blanco,TX,48031,48031,12.5
Borden,TX,48033,48033,13.3
Bosque,TX,48035,48035,13.3
Bowie,TX,48037,48037,14.2
Brazoria,TX,48039,48039,12.9
Brazos,TX,48041,48041,15
Brewster,TX,48043,48043,13.7
Briscoe,TX,48045,48045,12.8
Brooks,TX,48047,48047,12.3
Brown,TX,48049,48049,13.5
Burleson,TX,48051,48051,12.5
Burnet,TX,48053,48053,13
Caldwell,TX,48055,48055,13.8
Calhoun,TX,48057,48057,12.2
Callahan,TX,48059,48059,13
Cameron,TX,48061,48061,12.9
Camp,TX,48063,48063,13.9
Carson,TX,48065,48065,12.9
Cass,TX,48067,48067,14
Castro,TX,48069,48069,13.1
Chambers,TX,48071,48071,14
Cherokee,TX,48073,48073,13.4
Childress,TX,48075,48075,13.4
Clay,TX,48077,48077,13.3
Cochran,TX,48079,48079,13.5
Coke,TX,48081,48081,12.9
Coleman,TX,48083,48083,13.2
Collin,TX,48085,48085,12.9
Collingsworth,TX,48087,48087,13.3
Colorado,TX,48089,48089,13.5
Comal,TX,48091,48091,12
Comanche,TX,48093,48093,13.1
Concho,TX,48095,48095,12.7
Cooke,TX,48097,48097,13.7
Coryell,TX,48099,48099,14.9
Cottle,TX,48101,48101,13
Crane,TX,48103,48103,14
Crockett,TX,48105,48105,13.3
Crosby,TX,48107,48107,12.4
Culberson,TX,48109,48109,13.3
Dallam,TX,48111,48111,14
Dallas,TX,48113,48113,13.6
Dawson,TX,48115,48115,13.1
Deaf Smith,TX,48117,48117,13.2
Delta,TX,48119,48119,13
Denton,TX,48121,48121,13.1
DeWitt,TX,48123,48123,12.7
Dickens,TX,48125,48125,13
Dimmit,TX,48127,48127,12.8
Donley,TX,48129,48129,13.6
Duval,TX,48131,48131,13.1
Eastland,TX,48133,48133,13.7
Ector,TX,48135,48135,14.4
Edwards,TX,48137,48137,12.4
Ellis,TX,48139,48139,13.4
El Paso,TX,48141,48141,12.8
Erath,TX,48143,48143,14.7
Falls,TX,48145,48145,14.2
Fannin,TX,48147,48147,13.6
Fayette,TX,48149,48149,13.7
Fisher,TX,48151,48151,13
Floyd,TX,48153,48153,13
Foard,TX,48155,48155,13.1
Fort Bend,TX,48157,48157,11.7
Franklin,TX,48159,48159,13.6
Freestone,TX,48161,48161,13.7
Frio,TX,48163,48163,12.9
Gaines,TX,48165,48165,14.6
Galveston,TX,48167,48167,13.4
Garza,TX,48169,48169,13.5
Gillespie,TX,48171,48171,11.5
Glasscock,TX,48173,48173,13.7
Goliad,TX,48175,48175,12
Gonzales,TX,48177,48177,13.1
Gray,TX,48179,48179,13.2
Grayson,TX,48181,48181,14.1
Gregg,TX,48183,48183,14.2
Grimes,TX,48185,48185,13.4
Guadalupe,TX,48187,48187,12.9
Hale,TX,48189,48189,13.4
Hall,TX,48191,48191,12.6
Hamilton,TX,48193,48193,12.8
Hansford,TX,48195,48195,13.4
Hardeman,TX,48197,48197,13.5
Hardin,TX,48199,48199,13.6
Harris,TX,48201,48201,13.4
Harrison,TX,48203,48203,14
Hartley,TX,48205,48205,13.1
Haskell,TX,48207,48207,12.9
Hays,TX,48209,48209,13
Hemphill,TX,48211,48211,13.6
Henderson,TX,48213,48213,13.6
Hidalgo,TX,48215,48215,12.9
Hill,TX,48217,48217,13.7
Hockley,TX,48219,48219,13.6
Hood,TX,48221,48221,13.1
Hopkins,TX,48223,48223,13.6
Houston,TX,48225,48225,13.5
Howard,TX,48227,48227,13.4
Hudspeth,TX,48229,48229,13.2
Hunt,TX,48231,48231,13.4
Hutchinson,TX,48233,48233,13.4
Irion,TX,48235,48235,12.8
Jack,TX,48237,48237,13.9
Jackson,TX,48239,48239,13.2
Jasper,TX,48241,48241,14.1
Jeff Davis,TX,48243,48243,12.8
Jefferson,TX,48245,48245,14.2
Jim Hogg,TX,48247,48247,13.2
Jim Wells,TX,48249,48249,12.5
Johnson,TX,48251,48251,13.2
Jones,TX,48253,48253,12.8
Karnes,TX,48255,48255,12.9
Kaufman,TX,48257,48257,13.8
Kendall,TX,48259,48259,12.2
Kenedy,TX,48261,48261,12.1
Kent,TX,48263,48263,12.7
Kerr,TX,48265,48265,11.8
Kimble,TX,48267,48267,13
King,TX,48269,48269,14.2
Kinney,TX,48271,48271,11.9
Kleberg,TX,48273,48273,13
Knox,TX,48275,48275,13
Lamar,TX,48277,48277,13.9
Lamb,TX,48279,48279,13.2
Lampasas,TX,48281,48281,13.1
La Salle,TX,48283,48283,12.9
Lavaca,TX,48285,48285,12.6
Lee,TX,48287,48287,14.3
Leon,TX,48289,48289,12.8
Liberty,TX,48291,48291,14
Limestone,TX,48293,48293,13.9
Lipscomb,TX,48295,48295,13.6
Live Oak,TX,48297,48297,13.4
Llano,TX,48299,48299,12.2
Loving,TX,48301,48301,13.7
Lubbock,TX,48303,48303,14.2
Lynn,TX,48305,48305,13.2
McCulloch,TX,48307,48307,13.2
McLennan,TX,48309,48309,13.2
McMullen,TX,48311,48311,12.9
Madison,TX,48313,48313,13.5
Marion,TX,48315,48315,13.6
Martin,TX,48317,48317,13.9
Mason,TX,48319,48319,12.8
Matagorda,TX,48321,48321,13.5
Maverick,TX,48323,48323,13
Medina,TX,48325,48325,12.6
Menard,TX,48327,48327,12.5
Midland,TX,48329,48329,14.5
Milam,TX,48331,48331,13.1
Mills,TX,48333,48333,12.8
Mitchell,TX,48335,48335,13.5
Montague,TX,48337,48337,13.7
Montgomery,TX,48339,48339,12.9
Moore,TX,48341,48341,13.2
Morris,TX,48343,48343,13.7
Motley,TX,48345,48345,12.6
Nacogdoches,TX,48347,48347,14.6
Navarro,TX,48349,48349,13.7
Newton,TX,48351,48351,14.2
Nolan,TX,48353,48353,13.1
Nueces,TX,48355,48355,13.1
Ochiltree,TX,48357,48357,13.8
Oldham,TX,48359,48359,13.9
Orange,TX,48361,48361,13.6
Palo Pinto,TX,48363,48363,13.6
Panola,TX,48365,48365,14
Parker,TX,48367,48367,13.4
Parmer,TX,48369,48369,13.4
Pecos,TX,48371,48371,13.4
Polk,TX,48373,48373,13.7
Potter,TX,48375,48375,14.3
Presidio,TX,48377,48377,12.9
Rains,TX,48379,48379,13.7
Randall,TX,48381,48381,14.3
Reagan,TX,48383,48383,13.8
Real,TX,48385,48385,12.2
Red River,TX,48387,48387,13.5
Reeves,TX,48389,48389,12.8
Refugio,TX,48391,48391,13
Roberts,TX,48393,48393,13.1
Robertson,TX,48395,48395,12.7
Rockwall,TX,48397,48397,13.7
Runnels,TX,48399,48399,13.2
Rusk,TX,48401,48401,13.2
Sabine,TX,48403,48403,13.1
San Augustine,TX,48405,48405,13.4
San Jacinto,TX,48407,48407,13.2
San Patricio,TX,48409,48409,13.3
San Saba,TX,48411,48411,13.1
Schleicher,TX,48413,48413,13.7
Scurry,TX,48415,48415,13.2
Shackelford,TX,48417,48417,13.7
Shelby,TX,48419,48419,14.1
Sherman,TX,48421,48421,13.4
Smith,TX,48423,48423,13.4
Somervell,TX,48425,48425,13.3
Starr,TX,48427,48427,13.4
Stephens,TX,48429,48429,13.5
Sterling,TX,48431,48431,13.7
Stonewall,TX,48433,48433,12.9
Sutton,TX,48435,48435,13.4
Swisher,TX,48437,48437,13
Tarrant,TX,48439,48439,13.6
Taylor,TX,48441,48441,15.5
Terrell,TX,48443,48443,12.8
Terry,TX,48445,48445,13.5
Throckmorton,TX,48447,48447,13
Titus,TX,48449,48449,13.8
Tom Green,TX,48451,48451,14.5
Travis,TX,48453,48453,12.9
Trinity,TX,48455,48455,13.5
Tyler,TX,48457,48457,13.8
Upshur,TX,48459,48459,13.4
Upton,TX,48461,48461,13.6
Uvalde,TX,48463,48463,12.5
Val Verde,TX,48465,48465,12.7
Van Zandt,TX,48467,48467,13.9
Victoria,TX,48469,48469,13.5
Walker,TX,48471,48471,14.9
Waller,TX,48473,48473,14.3
Ward,TX,48475,48475,13.8
Washington,TX,48477,48477,12.9
Webb,TX,48479,48479,13.3
Wharton,TX,48481,48481,13.6
Wheeler,TX,48483,48483,13.3
Wichita,TX,48485,48485,14.5
Wilbarger,TX,48487,48487,13.5
Willacy,TX,48489,48489,12.4
Williamson,TX,48491,48491,12.5
Wilson,TX,48493,48493,12.6
Winkler,TX,48495,48495,13.9
Wise,TX,48497,48497,13.6
Wood,TX,48499,48499,13.3
Yoakum,TX,48501,48501,13.6
Young,TX,48503,48503,13.7
Zapata,TX,48505,48505,13.7
Zavala,TX,48507,48507,13
Beaver,UT,49001,49001,13.2
Box Elder,UT,49003,49003,13
Cache,UT,49005,49005,13.6
Carbon,UT,49007,49007,13.2
Daggett,UT,49009,49009,12.4
Davis,UT,49011,49011,12.6
Duchesne,UT,49013,49013,14.2
Emery,UT,49015,49015,13.6
Garfield,UT,49017,49017,12.8
Grand,UT,49019,49019,13.5
Iron,UT,49021,49021,14.3
Juab,UT,49023,49023,13.1
Kane,UT,49025,49025,12.7
Millard,UT,49027,49027,13
Morgan,UT,49029,49029,11.9
Piute,UT,49031,49031,12.1
Rich,UT,49033,49033,12
Salt Lake,UT,49035,49035,12.7
San Juan,UT,49037,49037,17.4
Sanpete,UT,49039,49039,14
Sevier,UT,49041,49041,13.4
Summit,UT,49043,49043,12
Tooele,UT,49045,49045,12.8
Uintah,UT,49047,49047,14.2
Utah,UT,49049,49049,13.5
Wasatch,UT,49051,49051,13.4
Washington,UT,49053,49053,12.5
Wayne,UT,49055,49055,12.8
Weber,UT,49057,49057,13.3
Addison,VT,50001,50001,14.9
Bennington,VT,50003,50003,13.8
Caledonia,VT,50005,50005,14.8
Chittenden,VT,50007,50007,15.3
Essex,VT,50009,50009,13.4
Franklin,VT,50011,50011,14.1
Grand Isle,VT,50013,50013,13.8
Lamoille,VT,50015,50015,15
Orange,VT,50017,50017,13.7
Orleans,VT,50019,50019,14.4
Rutland,VT,50021,50021,14.3
Washington,VT,50023,50023,14.5
Windham,VT,50025,50025,14.3
Windsor,VT,50027,50027,13.7
Accomack,VA,51001,51001,14.1
Albemarle,VA,51003,51003,13
Alleghany,VA,51005,51005,13.5
Amelia,VA,51007,51007,14.2
Amherst,VA,51009,51009,14
Appomattox,VA,51011,51011,13.5
Arlington,VA,51013,51013,14.1
Augusta,VA,51015,51015,14.1
Bath,VA,51017,51017,13.9
Bedford,VA,51019,51019,13.6
Bland,VA,51021,51021,14.6
Botetourt,VA,51023,51023,13.4
Brunswick,VA,51025,51025,14.9
Buchanan,VA,51027,51027,15.9
Buckingham,VA,51029,51029,14.9
Campbell,VA,51031,51031,13.7
Caroline,VA,51033,51033,13.7
Carroll,VA,51035,51035,14.6
Charles City,VA,51036,51036,13.6
Charlotte,VA,51037,51037,14.7
Chesterfield,VA,51041,51041,12.8
Clarke,VA,51043,51043,13.2
Craig,VA,51045,51045,13.2
Culpeper,VA,51047,51047,13.9
Cumberland,VA,51049,51049,14.3
Dickenson,VA,51051,51051,15.7
Dinwiddie,VA,51053,51053,14.7
Essex,VA,51057,51057,14.4
Fairfax,VA,51059,51059,10.9
Fauquier,VA,51061,51061,13.6
Floyd,VA,51063,51063,13.6
Fluvanna,VA,51065,51065,13.2
Franklin,VA,51067,51067,13.2
Frederick,VA,51069,51069,14
Giles,VA,51071,51071,13
Gloucester,VA,51073,51073,14.2
Goochland,VA,51075,51075,12.8
Grayson,VA,51077,51077,14.4
Greene,VA,51079,51079,12.1
Greensville,VA,51081,51081,14.5
Halifax,VA,51083,51083,14.6
Hanover,VA,51085,51085,13.4
Henrico,VA,51087,51087,12.7
Henry,VA,51089,51089,14.2
Highland,VA,51091,51091,13.5
Isle of Wight,VA,51093,51093,13.3
James City,VA,51095,51095,11.8
King and Queen,VA,51097,51097,13.6
King George,VA,51099,51099,14.6
King William,VA,51101,51101,13.4
Lancaster,VA,51103,51103,12.9
Lee,VA,51105,51105,15.7
Loudoun,VA,51107,51107,12.7
Louisa,VA,51109,51109,13.2
Lunenburg,VA,51111,51111,14.7
Madison,VA,51113,51113,13.9
Mathews,VA,51115,51115,12.7
Mecklenburg,VA,51117,51117,14.4
Middlesex,VA,51119,51119,13.5
Montgomery,VA,51121,51121,15.1
Nelson,VA,51125,51125,12.6
New Kent,VA,51127,51127,13.2
Northampton,VA,51131,51131,13.8
Northumberland,VA,51133,51133,13
Nottoway,VA,51135,51135,14.7
Orange,VA,51137,51137,13.9
Page,VA,51139,51139,14.8
Patrick,VA,51141,51141,14.5
Pittsylvania,VA,51143,51143,14.4
Powhatan,VA,51145,51145,13
Prince Edward,VA,51147,51147,16.1
Prince George,VA,51149,51149,14.6
Prince William,VA,51153,51153,12.9
Pulaski,VA,51155,51155,13
Rappahannock,VA,51157,51157,13.6
Richmond,VA,51159,51159,13.9
Roanoke,VA,51161,51161,13.4
Rockbridge,VA,51163,51163,14.1
Rockingham,VA,51165,51165,13.9
Russell,VA,51167,51167,15.8
Scott,VA,51169,51169,14.7
Shenandoah,VA,51171,51171,14.6
Smyth,VA,51173,51173,14.9
Southampton,VA,51175,51175,14
Spotsylvania,VA,51177,51177,13.9
Stafford,VA,51179,51179,13.4
Surry,VA,51181,51181,14.1
Sussex,VA,51183,51183,13.8
Tazewell,VA,51185,51185,15.2
Warren,VA,51187,51187,14.5
Washington,VA,51191,51191,14.2
Westmoreland,VA,51193,51193,14
Wise,VA,51195,51195,16.1
Wythe,VA,51197,51197,14.9
York,VA,51199,51199,12.5
Alexandria City,VA,51510,51510,12.3
Bedford City,VA,51515,51515,13.6
Bristol City,VA,51520,51520,15.5
Buena Vista City,VA,51530,51530,15.2
Charlottesville City,VA,51540,51540,15.3
Chesapeake City,VA,51550,51550,13.6
Colonial Heights City,VA,51570,51570,14
Covington City,VA,51580,51580,13.8
Danville City,VA,51590,51590,15.3
Emporia City,VA,51595,51595,14.6
Fairfax City,VA,51600,51600,10.7
Falls Church City,VA,51610,51610,10.2
Franklin City,VA,51620,51620,14.3
Fredericksburg City,VA,51630,51630,14.3
Galax City,VA,51640,51640,14.5
Hampton City,VA,51650,51650,15
Harrisonburg City,VA,51660,51660,17.6
Hopewell City,VA,51670,51670,14.6
Lexington City,VA,51678,51678,16.2
Lynchburg City,VA,51680,51680,15.7
Manassas City,VA,51683,51683,13.8
Manassas Park City,VA,51685,51685,13.8
Martinsville City,VA,51690,51690,15.2
Newport News City,VA,51700,51700,15.3
Norfolk City,VA,51710,51710,15.7
Norton City,VA,51720,51720,16.2
Petersburg City,VA,51730,51730,14.6
Poquoson City,VA,51735,51735,12.1
Portsmouth City,VA,51740,51740,15.1
Radford City,VA,51750,51750,17.5
Richmond City,VA,51760,51760,15.2
Roanoke City,VA,51770,51770,15.2
Salem City,VA,51775,51775,14.2
Staunton City,VA,51790,51790,15.1
Suffolk City,VA,51800,51800,13.8
Virginia Beach City,VA,51810,51810,14.3
Waynesboro City,VA,51820,51820,15.1
Williamsburg City,VA,51830,51830,14.8
Winchester City,VA,51840,51840,15.2
Adams,WA,53001,53001,12.9
Asotin,WA,53003,53003,11.9
Benton,WA,53005,53005,12.3
Chelan,WA,53007,53007,12.6
Clallam,WA,53009,53009,12
Clark,WA,53011,53011,12.7
Columbia,WA,53013,53013,11.6
Cowlitz,WA,53015,53015,13.4
Douglas,WA,53017,53017,12.6
Ferry,WA,53019,53019,14.1
Franklin,WA,53021,53021,12.6
Garfield,WA,53023,53023,11.6
Grant,WA,53025,53025,12.8
Grays Harbor,WA,53027,53027,12.4
Island,WA,53029,53029,12.1
Jefferson,WA,53031,53031,11.8
King,WA,53033,53033,11.2
Kitsap,WA,53035,53035,12.4
Kittitas,WA,53037,53037,13.5
Klickitat,WA,53039,53039,13.1
Lewis,WA,53041,53041,13
Lincoln,WA,53043,53043,11.9
Mason,WA,53045,53045,12.1
Okanogan,WA,53047,53047,13.7
Pacific,WA,53049,53049,12.6
Pend Oreille,WA,53051,53051,13.1
Pierce,WA,53053,53053,13.1
San Juan,WA,53055,53055,11.7
Skagit,WA,53057,53057,12.3
Skamania,WA,53059,53059,12.9
Snohomish,WA,53061,53061,12.3
Spokane,WA,53063,53063,13.6
Stevens,WA,53065,53065,13.5
Thurston,WA,53067,53067,12.3
Wahkiakum,WA,53069,53069,12.5
Walla Walla,WA,53071,53071,12.3
Whatcom,WA,53073,53073,13.3
Whitman,WA,53075,53075,14.2
Yakima,WA,53077,53077,13.5
Barbour,WV,54001,54001,19.1
Berkeley,WV,54003,54003,19
Boone,WV,54005,54005,18.1
Braxton,WV,54007,54007,18.9
Brooke,WV,54009,54009,18
Cabell,WV,54011,54011,19.8
Calhoun,WV,54013,54013,18.8
Clay,WV,54015,54015,17.9
Doddridge,WV,54017,54017,18.1
Fayette,WV,54019,54019,18.3
Gilmer,WV,54021,54021,19.4
Grant,WV,54023,54023,18.5
Greenbrier,WV,54025,54025,18.9
Hampshire,WV,54027,54027,17.8
Hancock,WV,54029,54029,18.3
Hardy,WV,54031,54031,18.6
Harrison,WV,54033,54033,18.5
Jackson,WV,54035,54035,19
Jefferson,WV,54037,54037,18.7
Kanawha,WV,54039,54039,18.5
Lewis,WV,54041,54041,18.7
Lincoln,WV,54043,54043,18
Logan,WV,54045,54045,19.3
McDowell,WV,54047,54047,19.2
Marion,WV,54049,54049,18.7
Marshall,WV,54051,54051,17.9
Mason,WV,54053,54053,18.7
Mercer,WV,54055,54055,18.5
Mineral,WV,54057,54057,18.1
Mingo,WV,54059,54059,19.6
Monongalia,WV,54061,54061,20.4
Monroe,WV,54063,54063,18.8
Morgan,WV,54065,54065,17.6
Nicholas,WV,54067,54067,19.2
Ohio,WV,54069,54069,18.6
Pendleton,WV,54071,54071,18.1
Pleasants,WV,54073,54073,18
Pocahontas,WV,54075,54075,18.7
Preston,WV,54077,54077,17.9
Putnam,WV,54079,54079,18.4
Raleigh,WV,54081,54081,18.4
Randolph,WV,54083,54083,18.7
Ritchie,WV,54085,54085,18.9
Roane,WV,54087,54087,18.9
Summers,WV,54089,54089,19.2
Taylor,WV,54091,54091,18.1
Tucker,WV,54093,54093,18.2
Tyler,WV,54095,54095,18.7
Upshur,WV,54097,54097,19.2
Wayne,WV,54099,54099,18.8
Webster,WV,54101,54101,19
Wetzel,WV,54103,54103,18.7
Wirt,WV,54105,54105,18.2
Wood,WV,54107,54107,18.8
Wyoming,WV,54109,54109,19.3
Adams,WI,55001,55001,11.8
Ashland,WI,55003,55003,13.2
Barron,WI,55005,55005,12.8
Bayfield,WI,55007,55007,12.2
Brown,WI,55009,55009,12.9
Buffalo,WI,55011,55011,12.3
Burnett,WI,55013,55013,11.8
Calumet,WI,55015,55015,11.5
Chippewa,WI,55017,55017,11.8
Clark,WI,55019,55019,12.9
Columbia,WI,55021,55021,11.8
Crawford,WI,55023,55023,12.2
Dane,WI,55025,55025,11.7
Dodge,WI,55027,55027,11.4
Door,WI,55029,55029,12
Douglas,WI,55031,55031,12.5
Dunn,WI,55033,55033,12.5
Eau Claire,WI,55035,55035,12.7
Florence,WI,55037,55037,11.4
Fond du Lac,WI,55039,55039,11.5
Forest,WI,55041,55041,12.9
Grant,WI,55043,55043,12.8
Green,WI,55045,55045,12.3
Green Lake,WI,55047,55047,12
Iowa,WI,55049,55049,12.1
Iron,WI,55051,55051,11.3
Jackson,WI,55053,55053,12.7
Jefferson,WI,55055,55055,11.8
Juneau,WI,55057,55057,12.4
Kenosha,WI,55059,55059,12
Kewaunee,WI,55061,55061,10.4
La Crosse,WI,55063,55063,12.8
Lafayette,WI,55065,55065,12.6
Langlade,WI,55067,55067,12.2
Lincoln,WI,55069,55069,11.9
Manitowoc,WI,55071,55071,10.6
Marathon,WI,55073,55073,12
Marinette,WI,55075,55075,12
Marquette,WI,55077,55077,11.9
Menominee,WI,55078,55078,17.7
Milwaukee,WI,55079,55079,12.5
Monroe,WI,55081,55081,12.7
Oconto,WI,55083,55083,11.9
Oneida,WI,55085,55085,12.1
Outagamie,WI,55087,55087,12.5
Ozaukee,WI,55089,55089,11
Pepin,WI,55091,55091,12.3
Pierce,WI,55093,55093,13
Polk,WI,55095,55095,13
Portage,WI,55097,55097,13
Price,WI,55099,55099,11.7
Racine,WI,55101,55101,12.1
Richland,WI,55103,55103,12.4
Rock,WI,55105,55105,12.3
Rusk,WI,55107,55107,11.8
St. Croix,WI,55109,55109,11.7
Sauk,WI,55111,55111,12.1
Sawyer,WI,55113,55113,12.7
Shawano,WI,55115,55115,12.6
Sheboygan,WI,55117,55117,12.2
Taylor,WI,55119,55119,12.2
Trempealeau,WI,55121,55121,12.4
Vernon,WI,55123,55123,12.4
Vilas,WI,55125,55125,12.1
Walworth,WI,55127,55127,11.9
Washburn,WI,55129,55129,11.8
Washington,WI,55131,55131,10.8
Waukesha,WI,55133,55133,10.6
Waupaca,WI,55135,55135,12.1
Waushara,WI,55137,55137,11.8
Winnebago,WI,55139,55139,12
Wood,WI,55141,55141,12.2
Albany,WY,56001,56001,13.7
Big Horn,WY,56003,56003,11.7
Campbell,WY,56005,56005,13.1
Carbon,WY,56007,56007,12.2
Converse,WY,56009,56009,12.4
Crook,WY,56011,56011,12.2
Fremont,WY,56013,56013,13
Goshen,WY,56015,56015,12
Hot Springs,WY,56017,56017,11.6
Johnson,WY,56019,56019,11.9
Laramie,WY,56021,56021,12.1
Lincoln,WY,56023,56023,12.2
Natrona,WY,56025,56025,12.4
Niobrara,WY,56027,56027,12.2
Park,WY,56029,56029,12
Platte,WY,56031,56031,11.7
Sheridan,WY,56033,56033,11.8
Sublette,WY,56035,56035,12.5
Sweetwater,WY,56037,56037,12.6
Teton,WY,56039,56039,12.1
Uinta,WY,56041,56041,12.4
Washakie,WY,56043,56043,11.9
Weston,WY,56045,56045,12.2